fat_yearmonth,fat_day,fat_time,fatality_id,event_id,fatality_type,fatality_date,fatality_age,fatality_sex,fatality_location,event_yearmonth
202410,16,1970-01-01,57962,1211048,D,2024-10-16,,F,In Water,202410
202410,19,1970-01-01,54831,1212790,D,2024-10-19,,,Unknown,202410
202405,25,1970-01-01,53067,1182292,D,2024-05-25,2.0,F,Mobile/Trailer Home,202405
202405,25,1970-01-01,53068,1182292,D,2024-05-25,5.0,M,Mobile/Trailer Home,202405
202404,9,1970-01-01,53096,1190773,I,2024-04-09,64.0,F,Other,202404
202405,9,1970-01-01,53252,1192430,D,2024-05-09,57.0,F,Outside/Open Areas,202405
202404,10,1970-01-01,53114,1192463,I,2024-04-10,43.0,F,Vehicle/Towed Trailer,202404
202407,13,1970-01-01,52940,1181897,I,2024-07-13,,M,Permanent Home,202407
202407,13,1970-01-01,52941,1181897,I,2024-07-13,,F,Permanent Home,202407
202407,13,1970-01-01,53429,1182539,D,2024-07-13,30.0,F,Outside/Open Areas,202407
202410,19,1970-01-01,54832,1212790,I,2024-10-19,,,Unknown,202410
202410,14,1970-01-01,55080,1212981,D,2024-10-14,63.0,M,Other,202410
202410,12,1970-01-01,56113,1216950,D,2024-10-12,62.0,M,In Water,202410
202410,29,1970-01-01,57999,1217215,D,2024-10-29,54.0,F,Vehicle/Towed Trailer,202410
202410,13,1970-01-01,57166,1217551,D,2024-10-13,20.0,M,In Water,202410
202410,23,1970-01-01,57197,1218183,I,2024-10-23,17.0,M,Vehicle/Towed Trailer,202410
202410,6,1970-01-01,57993,1219528,D,2024-10-06,47.0,M,Outside/Open Areas,202410
202410,5,1970-01-01,57994,1219528,D,2024-10-05,26.0,M,Outside/Open Areas,202410
202410,9,1970-01-01,58057,1220127,D,2024-10-09,82.0,M,Mobile/Trailer Home,202410
202410,9,1970-01-01,58058,1220127,D,2024-10-09,66.0,M,Mobile/Trailer Home,202410
202410,9,1970-01-01,58059,1220127,D,2024-10-09,85.0,M,Mobile/Trailer Home,202410
202410,9,1970-01-01,58060,1220127,D,2024-10-09,70.0,F,Mobile/Trailer Home,202410
202410,9,1970-01-01,58061,1220127,D,2024-10-09,84.0,F,Mobile/Trailer Home,202410
202407,20,1970-01-01,52952,1184921,D,2024-07-20,67.0,M,Outside/Open Areas,202407
202410,9,1970-01-01,58062,1220127,D,2024-10-09,66.0,F,Mobile/Trailer Home,202410
202410,1,1970-01-01,58029,1220580,D,2024-10-01,71.0,F,Permanent Home,202410
202410,2,1970-01-01,58001,1220582,D,2024-10-02,25.0,M,Outside/Open Areas,202410
202410,4,1970-01-01,58002,1220583,D,2024-10-04,33.0,M,Outside/Open Areas,202410
202410,7,1970-01-01,58007,1220937,I,2024-10-07,32.0,M,Outside/Open Areas,202410
202410,8,1970-01-01,58022,1220957,D,2024-10-08,83.0,M,Permanent Home,202410
202406,10,1970-01-01,53177,1179522,D,2024-06-10,73.0,F,Outside/Open Areas,202406
202406,11,1970-01-01,53418,1179524,D,2024-06-11,92.0,F,Unknown,202406
202406,11,1970-01-01,53417,1179524,I,2024-06-11,62.0,M,Outside/Open Areas,202406
202406,23,1970-01-01,52874,1179556,D,2024-06-23,21.0,F,Outside/Open Areas,202406
202406,23,1970-01-01,52859,1179588,D,2024-06-23,,,Outside/Open Areas,202406
202406,22,1970-01-01,53178,1179594,I,2024-06-22,64.0,M,Outside/Open Areas,202406
202406,23,1970-01-01,52875,1179597,I,2024-06-23,71.0,M,Outside/Open Areas,202406
202406,25,1970-01-01,52876,1179604,D,2024-06-25,,M,Outside/Open Areas,202406
202406,25,1970-01-01,52877,1179604,D,2024-06-25,,,Outside/Open Areas,202406
202406,25,1970-01-01,53300,1179607,D,2024-06-25,75.0,F,Mobile/Trailer Home,202406
202406,26,1970-01-01,52879,1179615,D,2024-06-26,,M,Outside/Open Areas,202406
202406,26,1970-01-01,52880,1179615,D,2024-06-26,,F,Outside/Open Areas,202406
202406,27,1970-01-01,52881,1179615,D,2024-06-27,,M,Outside/Open Areas,202406
202405,26,1970-01-01,53074,1188473,I,2024-05-26,43.0,M,Outside/Open Areas,202405
202405,28,1970-01-01,53050,1188509,D,2024-05-28,27.0,F,Boating,202405
202405,28,1970-01-01,53051,1188509,D,2024-05-28,57.0,F,Boating,202405
202410,8,1970-01-01,58023,1220958,D,2024-10-08,21.0,M,Outside/Open Areas,202410
202410,10,1970-01-01,58028,1220959,D,2024-10-10,61.0,M,Outside/Open Areas,202410
202410,12,1970-01-01,58025,1220966,D,2024-10-12,59.0,M,Outside/Open Areas,202410
202407,4,1970-01-01,53009,1187620,D,2024-07-04,21.0,M,In Water,202407
202407,12,1970-01-01,53010,1187626,D,2024-07-12,17.0,M,In Water,202407
202407,14,1970-01-01,53011,1187629,D,2024-07-14,17.0,F,In Water,202407
202407,13,1970-01-01,53012,1187786,I,2024-07-13,20.0,F,Outside/Open Areas,202407
202407,30,1970-01-01,53075,1189115,D,2024-07-30,0.0,M,Vehicle/Towed Trailer,202407
202407,3,1970-01-01,53076,1189332,D,2024-07-03,64.0,M,Camping,202407
202407,21,1970-01-01,53430,1192724,D,2024-07-21,56.0,F,Outside/Open Areas,202407
202407,25,1970-01-01,53118,1192732,I,2024-07-25,,M,In Water,202407
202407,6,1970-01-01,53130,1193288,D,2024-07-06,58.0,M,Permanent Home,202407
202407,7,1970-01-01,53129,1193288,D,2024-07-07,61.0,M,Vehicle/Towed Trailer,202407
202410,15,1970-01-01,58026,1220968,I,2024-10-15,41.0,M,Outside/Open Areas,202410
202410,23,1970-01-01,58027,1221007,I,2024-10-23,65.0,M,Outside/Open Areas,202410
202410,6,1970-01-01,58030,1221020,D,2024-10-06,69.0,M,Unknown,202410
202410,9,1970-01-01,58031,1221020,D,2024-10-09,40.0,M,Unknown,202410
202410,12,1970-01-01,58103,1221459,I,2024-10-12,79.0,M,Permanent Home,202410
202410,10,1970-01-01,58088,1221738,I,2024-10-10,67.0,M,Outside/Open Areas,202410
202410,10,1970-01-01,58090,1221738,I,2024-10-10,41.0,M,Outside/Open Areas,202410
202410,20,1970-01-01,58092,1221738,I,2024-10-20,67.0,M,Outside/Open Areas,202410
202410,10,1970-01-01,58091,1221738,I,2024-10-10,98.0,M,Permanent Home,202410
202410,10,1970-01-01,58089,1221738,I,2024-10-10,60.0,F,Permanent Structure,202410
202410,9,1970-01-01,58093,1221743,D,2024-10-09,53.0,F,Permanent Home,202410
202410,9,1970-01-01,58094,1221743,D,2024-10-09,79.0,F,Permanent Home,202410
202410,9,1970-01-01,58095,1221743,I,2024-10-09,89.0,M,Permanent Home,202410
202410,9,1970-01-01,58096,1221743,I,2024-10-09,66.0,M,Permanent Home,202410
202410,10,1970-01-01,58086,1221744,I,2024-10-10,67.0,M,Permanent Home,202410
202410,10,1970-01-01,58087,1221744,I,2024-10-10,85.0,F,Permanent Home,202410
202410,20,1970-01-01,58102,1221760,D,2024-10-20,35.0,M,In Water,202410
202410,20,1970-01-01,58139,1222373,D,2024-10-20,77.0,F,Outside/Open Areas,202410
202411,7,1970-01-01,55056,1216327,D,2024-11-07,55.0,M,Church,202411
202411,8,1970-01-01,55057,1216327,D,2024-11-08,28.0,M,Outside/Open Areas,202411
202411,17,1970-01-01,56114,1216960,D,2024-11-17,40.0,M,In Water,202411
202411,4,1970-01-01,56118,1217086,D,2024-11-04,66.0,M,Vehicle/Towed Trailer,202411
202411,5,1970-01-01,57170,1217688,D,2024-11-05,41.0,M,Vehicle/Towed Trailer,202411
202411,5,1970-01-01,57171,1217688,D,2024-11-05,63.0,F,Vehicle/Towed Trailer,202411
202411,20,1970-01-01,57461,1218436,I,2024-11-20,,M,Vehicle/Towed Trailer,202411
202411,3,1970-01-01,58188,1218461,D,2024-11-03,16.0,M,In Water,202411
202411,25,1970-01-01,57379,1218766,I,2024-11-25,51.0,F,Vehicle/Towed Trailer,202411
202411,20,1970-01-01,57967,1219232,I,2024-11-20,8.0,F,Vehicle/Towed Trailer,202411
202411,23,1970-01-01,57968,1219854,D,2024-11-23,20.0,M,In Water,202411
202411,23,1970-01-01,57969,1219854,D,2024-11-23,20.0,M,In Water,202411
202411,3,1970-01-01,58153,1220642,D,2024-11-03,34.0,M,Unknown,202411
202411,4,1970-01-01,58183,1221577,D,2024-11-04,20.0,M,Vehicle/Towed Trailer,202411
202411,5,1970-01-01,58064,1221619,D,2024-11-05,70.0,M,In Water,202411
202411,5,1970-01-01,58065,1221619,D,2024-11-05,73.0,F,In Water,202411
202411,8,1970-01-01,58066,1221620,D,2024-11-08,52.0,M,In Water,202411
202411,8,1970-01-01,58067,1221620,D,2024-11-08,55.0,M,In Water,202411
202411,16,1970-01-01,58105,1221964,D,2024-11-16,39.0,F,Vehicle/Towed Trailer,202411
202411,15,1970-01-01,58107,1221974,I,2024-11-15,27.0,M,Vehicle/Towed Trailer,202411
202411,7,1970-01-01,58110,1222044,D,2024-11-07,,M,In Water,202411
202411,7,1970-01-01,58111,1222044,D,2024-11-07,,F,In Water,202411
202411,10,1970-01-01,58146,1222326,D,2024-11-10,15.0,M,In Water,202411
202411,10,1970-01-01,58148,1222462,D,2024-11-10,55.0,M,In Water,202411
202411,6,1970-01-01,58150,1222540,D,2024-11-06,50.0,M,In Water,202411
202411,2,1970-01-01,58152,1222541,D,2024-11-02,64.0,M,In Water,202411
202411,28,1970-01-01,58154,1222905,I,2024-11-28,20.0,F,Vehicle/Towed Trailer,202411
202411,8,1970-01-01,58177,1223241,D,2024-11-08,54.0,M,In Water,202411
202411,8,1970-01-01,58178,1223241,D,2024-11-08,27.0,M,In Water,202411
202411,23,1970-01-01,58197,1223379,D,2024-11-23,24.0,M,In Water,202411
202411,27,1970-01-01,58176,1223527,I,2024-11-27,,,Vehicle/Towed Trailer,202411
202407,13,1970-01-01,53253,1196924,D,2024-07-13,83.0,M,In Water,202407
202407,30,1970-01-01,53262,1197718,D,2024-07-30,,,Permanent Home,202407
202401,17,1970-01-01,52306,1157682,D,2024-01-17,64.0,M,Outside/Open Areas,202401
202407,24,1970-01-01,53296,1201317,D,2024-07-24,14.0,M,In Water,202407
202401,14,1970-01-01,52308,1157613,I,2024-01-14,70.0,M,Vehicle/Towed Trailer,202401
202401,17,1970-01-01,52371,1157685,D,2024-01-17,68.0,F,Permanent Home,202401
202401,17,1970-01-01,52408,1157687,D,2024-01-17,58.0,M,Permanent Home,202401
202405,27,1970-01-01,53013,1187975,I,2024-05-27,54.0,M,Under Tree,202405
202405,26,1970-01-01,53015,1187987,D,2024-05-26,48.0,F,Permanent Home,202405
202405,27,1970-01-01,53033,1188446,I,2024-05-27,51.0,F,Permanent Home,202405
202407,10,1970-01-01,53344,1202022,D,2024-07-10,73.0,M,In Water,202407
202407,10,1970-01-01,53478,1202029,D,2024-07-10,33.0,M,In Water,202407
202407,10,1970-01-01,53476,1202030,D,2024-07-10,33.0,M,Vehicle/Towed Trailer,202407
202407,24,1970-01-01,53353,1202318,D,2024-07-24,22.0,M,Permanent Structure,202407
202407,31,1970-01-01,53410,1203581,I,2024-07-31,65.0,M,Outside/Open Areas,202407
202407,8,1970-01-01,53413,1203674,D,2024-07-08,31.0,F,Mobile/Trailer Home,202407
202407,8,1970-01-01,53414,1203674,D,2024-07-08,,F,Mobile/Trailer Home,202407
202407,30,1970-01-01,53415,1203940,D,2024-07-30,,,Vehicle/Towed Trailer,202407
202411,4,1970-01-01,55026,1215504,I,2024-11-04,,M,In Water,202411
202407,6,1970-01-01,53466,1204258,D,2024-07-06,33.0,M,Unknown,202407
202407,7,1970-01-01,53467,1204258,D,2024-07-07,64.0,M,Unknown,202407
202407,7,1970-01-01,53468,1204258,D,2024-07-07,75.0,M,Unknown,202407
202407,8,1970-01-01,53469,1204258,D,2024-07-08,67.0,F,Unknown,202407
202407,9,1970-01-01,53470,1204258,D,2024-07-09,72.0,M,Unknown,202407
202407,11,1970-01-01,53471,1204258,D,2024-07-11,62.0,M,Unknown,202407
202407,5,1970-01-01,53472,1204258,I,2024-07-05,31.0,M,In Water,202407
202407,5,1970-01-01,53448,1204261,D,2024-07-05,87.0,M,Unknown,202407
202407,9,1970-01-01,53455,1204268,D,2024-07-09,83.0,M,Unknown,202407
202407,10,1970-01-01,53456,1204268,D,2024-07-10,87.0,M,Unknown,202407
202407,10,1970-01-01,53457,1204268,D,2024-07-10,73.0,M,Unknown,202407
202407,13,1970-01-01,53458,1204268,D,2024-07-13,81.0,M,Unknown,202407
202408,19,1970-01-01,53474,1204301,D,2024-08-19,16.0,F,Under Tree,202407
202407,5,1970-01-01,53482,1205184,D,2024-07-05,18.0,F,In Water,202407
202407,5,1970-01-01,53483,1205184,D,2024-07-05,17.0,F,In Water,202407
202407,1,1970-01-01,53511,1205204,I,2024-07-01,81.0,M,Unknown,202407
202407,6,1970-01-01,53577,1205225,D,2024-07-06,,M,Outside/Open Areas,202407
202407,5,1970-01-01,53620,1205235,D,2024-07-05,0.0,F,Outside/Open Areas,202407
202407,3,1970-01-01,53578,1205246,I,2024-07-03,43.0,M,Unknown,202407
202407,5,1970-01-01,53579,1205246,D,2024-07-05,64.0,M,Unknown,202407
202407,5,1970-01-01,53580,1205246,D,2024-07-05,52.0,M,Unknown,202407
202407,16,1970-01-01,53690,1199206,D,2024-07-16,82.0,M,Outside/Open Areas,202407
202407,5,1970-01-01,53581,1205246,I,2024-07-05,58.0,M,Unknown,202407
202407,6,1970-01-01,53582,1205246,I,2024-07-06,85.0,M,Unknown,202407
202405,22,1970-01-01,53071,1188642,D,2024-05-22,33.0,M,Permanent Home,202405
202405,13,1970-01-01,52985,1185847,D,2024-05-13,31.0,F,Mobile/Trailer Home,202405
202405,10,1970-01-01,53007,1186559,D,2024-05-10,47.0,F,Mobile/Trailer Home,202405
202401,14,1970-01-01,51803,1147721,I,2024-01-14,27.0,F,In Water,202401
202401,14,1970-01-01,51804,1147721,I,2024-01-14,27.0,M,In Water,202401
202401,14,1970-01-01,51805,1147721,I,2024-01-14,27.0,M,In Water,202401
202401,14,1970-01-01,51806,1147721,I,2024-01-14,26.0,F,In Water,202401
202401,20,1970-01-01,51846,1148850,I,2024-01-20,74.0,M,Vehicle/Towed Trailer,202401
202401,8,1970-01-01,52049,1151214,I,2024-01-08,46.0,M,Vehicle/Towed Trailer,202401
202405,10,1970-01-01,53008,1186559,D,2024-05-10,17.0,F,Under Tree,202405
202405,8,1970-01-01,52997,1186725,D,2024-05-08,62.0,F,Vehicle/Towed Trailer,202405
202405,26,1970-01-01,52998,1186755,D,2024-05-26,59.0,M,Boating,202405
202405,26,1970-01-01,52999,1186763,D,2024-05-26,61.0,F,In Water,202405
202401,9,1970-01-01,52324,1158257,D,2024-01-09,,,Vehicle/Towed Trailer,202401
202401,15,1970-01-01,52462,1159817,I,2024-01-15,,,Vehicle/Towed Trailer,202401
202401,20,1970-01-01,52458,1159818,I,2024-01-20,32.0,M,Vehicle/Towed Trailer,202401
202401,20,1970-01-01,52459,1159818,I,2024-01-20,54.0,M,Vehicle/Towed Trailer,202401
202401,15,1970-01-01,52460,1159851,I,2024-01-15,,,Vehicle/Towed Trailer,202401
202401,14,1970-01-01,52450,1159853,I,2024-01-14,,M,Outside/Open Areas,202401
202401,16,1970-01-01,52451,1159861,D,2024-01-16,32.0,M,Outside/Open Areas,202401
202401,14,1970-01-01,52452,1162673,D,2024-01-14,67.0,F,Vehicle/Towed Trailer,202401
202401,23,1970-01-01,52480,1163829,I,2024-01-23,27.0,F,Vehicle/Towed Trailer,202401
202401,23,1970-01-01,52481,1163829,I,2024-01-23,5.0,,Vehicle/Towed Trailer,202401
202405,26,1970-01-01,53057,1186798,D,2024-05-26,80.0,F,Mobile/Trailer Home,202405
202407,6,1970-01-01,53583,1205246,D,2024-07-06,57.0,F,Unknown,202407
202407,6,1970-01-01,53584,1205246,D,2024-07-06,86.0,M,Unknown,202407
202407,6,1970-01-01,53585,1205246,I,2024-07-06,67.0,M,Unknown,202407
202407,7,1970-01-01,53586,1205246,I,2024-07-07,78.0,F,Unknown,202407
202407,8,1970-01-01,53587,1205246,I,2024-07-08,50.0,M,Unknown,202407
202407,9,1970-01-01,53588,1205246,D,2024-07-09,82.0,M,Unknown,202407
202407,9,1970-01-01,53589,1205246,I,2024-07-09,71.0,M,Unknown,202407
202407,10,1970-01-01,53590,1205246,I,2024-07-10,70.0,M,Unknown,202407
202407,10,1970-01-01,53591,1205246,D,2024-07-10,81.0,F,Unknown,202407
202407,11,1970-01-01,53592,1205246,D,2024-07-11,41.0,M,Unknown,202407
202407,11,1970-01-01,53593,1205246,I,2024-07-11,61.0,M,Unknown,202407
202407,11,1970-01-01,53594,1205246,D,2024-07-11,57.0,M,Unknown,202407
202407,11,1970-01-01,53595,1205246,I,2024-07-11,32.0,M,Unknown,202407
202407,11,1970-01-01,53596,1205246,D,2024-07-11,34.0,M,Unknown,202407
202407,12,1970-01-01,53597,1205246,I,2024-07-12,87.0,M,Unknown,202407
202407,12,1970-01-01,53598,1205246,I,2024-07-12,91.0,F,Unknown,202407
202407,12,1970-01-01,53599,1205246,I,2024-07-12,55.0,M,Unknown,202407
202407,12,1970-01-01,53600,1205246,D,2024-07-12,44.0,M,Unknown,202407
202407,13,1970-01-01,53601,1205246,I,2024-07-13,72.0,M,Unknown,202407
202407,13,1970-01-01,53602,1205246,I,2024-07-13,66.0,M,Unknown,202407
202407,13,1970-01-01,53603,1205246,I,2024-07-13,61.0,M,Unknown,202407
202407,13,1970-01-01,53604,1205246,I,2024-07-13,89.0,F,Unknown,202407
202407,14,1970-01-01,53605,1205246,I,2024-07-14,85.0,M,Unknown,202407
202407,14,1970-01-01,53606,1205246,I,2024-07-14,79.0,F,Unknown,202407
202407,14,1970-01-01,53607,1205246,D,2024-07-14,58.0,M,Unknown,202407
202407,14,1970-01-01,53608,1205246,D,2024-07-14,71.0,M,Unknown,202407
202407,15,1970-01-01,53609,1205246,I,2024-07-15,62.0,F,Unknown,202407
202407,15,1970-01-01,53610,1205246,I,2024-07-15,61.0,M,Unknown,202407
202407,15,1970-01-01,53611,1205246,D,2024-07-15,35.0,M,Unknown,202407
202407,15,1970-01-01,53612,1205246,I,2024-07-15,58.0,M,Unknown,202407
202407,16,1970-01-01,53613,1205246,D,2024-07-16,61.0,M,Unknown,202407
202407,16,1970-01-01,53614,1205246,I,2024-07-16,79.0,F,Unknown,202407
202407,16,1970-01-01,53615,1205246,I,2024-07-16,82.0,M,Unknown,202407
202407,16,1970-01-01,53616,1205246,I,2024-07-16,74.0,M,Unknown,202407
202407,16,1970-01-01,53617,1205246,D,2024-07-16,78.0,F,Unknown,202407
202407,16,1970-01-01,53618,1205246,D,2024-07-16,51.0,M,Unknown,202407
202407,16,1970-01-01,53619,1205246,I,2024-07-16,70.0,M,Unknown,202407
202407,17,1970-01-01,53566,1205763,D,2024-07-17,83.0,F,Unknown,202407
202407,17,1970-01-01,53567,1205763,D,2024-07-17,62.0,F,Unknown,202407
202407,17,1970-01-01,53568,1205763,I,2024-07-17,63.0,M,Unknown,202407
202407,17,1970-01-01,53569,1205763,D,2024-07-17,67.0,M,Unknown,202407
202407,18,1970-01-01,53570,1205763,I,2024-07-18,94.0,M,Unknown,202407
202407,18,1970-01-01,53571,1205763,I,2024-07-18,52.0,M,Unknown,202407
202407,18,1970-01-01,53572,1205763,D,2024-07-18,58.0,M,Unknown,202407
202407,18,1970-01-01,53573,1205763,I,2024-07-18,78.0,M,Unknown,202407
202407,19,1970-01-01,53574,1205763,I,2024-07-19,77.0,M,Unknown,202407
202407,19,1970-01-01,53575,1205763,I,2024-07-19,59.0,M,Unknown,202407
202407,19,1970-01-01,53576,1205763,D,2024-07-19,72.0,F,Unknown,202407
202407,20,1970-01-01,53621,1205806,I,2024-07-20,85.0,F,Unknown,202407
202407,20,1970-01-01,53622,1205806,D,2024-07-20,77.0,M,Unknown,202407
202407,20,1970-01-01,53623,1205806,D,2024-07-20,80.0,F,Unknown,202407
202407,20,1970-01-01,53624,1205806,D,2024-07-20,41.0,M,Unknown,202407
202407,20,1970-01-01,53625,1205806,I,2024-07-20,43.0,M,Unknown,202407
202407,21,1970-01-01,53626,1205806,D,2024-07-21,36.0,M,Unknown,202407
202407,23,1970-01-01,53634,1205806,D,2024-07-23,59.0,M,Unknown,202407
202407,24,1970-01-01,53635,1205806,I,2024-07-24,39.0,M,Unknown,202407
202407,24,1970-01-01,53636,1205806,I,2024-07-24,45.0,F,Unknown,202407
202407,24,1970-01-01,53637,1205806,I,2024-07-24,41.0,F,Unknown,202407
202407,22,1970-01-01,53627,1205806,I,2024-07-22,46.0,M,Unknown,202407
202407,23,1970-01-01,53628,1205806,I,2024-07-23,36.0,M,Unknown,202407
202407,23,1970-01-01,53629,1205806,I,2024-07-23,83.0,F,Unknown,202407
202407,23,1970-01-01,53630,1205806,D,2024-07-23,75.0,M,Unknown,202407
202407,23,1970-01-01,53631,1205806,D,2024-07-23,73.0,F,Unknown,202407
202407,23,1970-01-01,53632,1205806,I,2024-07-23,48.0,M,Unknown,202407
202407,23,1970-01-01,53633,1205806,I,2024-07-23,35.0,M,Unknown,202407
202407,25,1970-01-01,53638,1205806,D,2024-07-25,73.0,F,Unknown,202407
202405,19,1970-01-01,52945,1184250,D,2024-05-19,,M,In Water,202405
202405,14,1970-01-01,52946,1184251,D,2024-05-14,60.0,M,In Water,202405
202405,6,1970-01-01,53019,1184254,D,2024-05-06,81.0,M,Mobile/Trailer Home,202405
202405,6,1970-01-01,53018,1184254,D,2024-05-06,51.0,F,Permanent Home,202405
202405,25,1970-01-01,53060,1184520,D,2024-05-25,61.0,F,Mobile/Trailer Home,202405
202405,25,1970-01-01,53061,1184520,D,2024-05-25,35.0,F,Mobile/Trailer Home,202405
202405,8,1970-01-01,52951,1184617,D,2024-05-08,28.0,M,In Water,202405
202405,26,1970-01-01,52908,1181735,D,2024-05-26,26.0,F,Mobile/Trailer Home,202405
202405,26,1970-01-01,52920,1181746,D,2024-05-26,,,Unknown,202405
202405,26,1970-01-01,52921,1181746,D,2024-05-26,,,Unknown,202405
202405,26,1970-01-01,52922,1181746,D,2024-05-26,,,Unknown,202405
202405,26,1970-01-01,52909,1181781,D,2024-05-26,73.0,F,Mobile/Trailer Home,202405
202406,29,1970-01-01,53103,1192084,D,2024-06-29,33.0,M,Outside/Open Areas,202406
202406,16,1970-01-01,53104,1192085,D,2024-06-16,66.0,M,Outside/Open Areas,202406
202405,18,1970-01-01,52851,1179511,I,2024-05-18,24.0,F,Vehicle/Towed Trailer,202405
202405,4,1970-01-01,52882,1179843,D,2024-05-04,17.0,M,In Water,202405
202406,16,1970-01-01,53105,1192085,I,2024-06-16,59.0,M,Outside/Open Areas,202406
202405,8,1970-01-01,52804,1176304,D,2024-05-08,22.0,M,Vehicle/Towed Trailer,202405
202405,27,1970-01-01,52847,1178711,D,2024-05-27,18.0,,Mobile/Trailer Home,202405
202405,14,1970-01-01,52776,1171000,D,2024-05-14,75.0,M,In Water,202405
202405,15,1970-01-01,52777,1171003,D,2024-05-15,,,In Water,202405
202405,25,1970-01-01,52781,1171119,D,2024-05-25,51.0,M,Other,202405
202405,28,1970-01-01,52807,1171134,I,2024-05-28,48.0,M,Outside/Open Areas,202405
202405,28,1970-01-01,52852,1171425,D,2024-05-28,77.0,F,Outside/Open Areas,202405
202406,17,1970-01-01,53106,1192086,D,2024-06-17,53.0,M,Outside/Open Areas,202406
202405,1,1970-01-01,52704,1166180,D,2024-05-01,55.0,M,In Water,202405
202405,9,1970-01-01,52721,1166629,D,2024-05-09,30.0,F,In Water,202405
202405,12,1970-01-01,52720,1166640,D,2024-05-12,,F,In Water,202405
202405,9,1970-01-01,53016,1166963,D,2024-05-09,23.0,M,Outside/Open Areas,202405
202405,9,1970-01-01,53017,1166963,D,2024-05-09,32.0,M,Outside/Open Areas,202405
202405,8,1970-01-01,52740,1167432,D,2024-05-08,67.0,F,Mobile/Trailer Home,202405
202405,9,1970-01-01,52730,1167640,I,2024-05-09,28.0,M,Permanent Home,202405
202405,9,1970-01-01,52731,1167640,I,2024-05-09,18.0,F,Permanent Home,202405
202405,9,1970-01-01,52732,1167640,I,2024-05-09,7.0,M,Permanent Home,202405
202405,8,1970-01-01,52736,1167747,I,2024-05-08,10.0,M,Outside/Open Areas,202405
202405,3,1970-01-01,52756,1170224,D,2024-05-03,3.0,F,Vehicle/Towed Trailer,202405
202405,25,1970-01-01,52762,1170325,D,2024-05-25,,M,In Water,202405
202405,27,1970-01-01,52763,1170362,D,2024-05-27,79.0,F,Permanent Home,202405
202406,15,1970-01-01,52792,1174700,D,2024-06-15,30.0,M,In Water,202406
202406,20,1970-01-01,52799,1176066,D,2024-06-20,19.0,M,In Water,202406
202406,21,1970-01-01,53174,1176067,D,2024-06-21,24.0,M,In Water,202406
202406,21,1970-01-01,53175,1176067,D,2024-06-21,24.0,M,In Water,202406
202406,21,1970-01-01,53176,1176067,D,2024-06-21,25.0,M,In Water,202406
202406,23,1970-01-01,52810,1176714,D,2024-06-23,29.0,M,In Water,202406
202406,23,1970-01-01,52811,1176714,D,2024-06-23,60.0,F,In Water,202406
202406,25,1970-01-01,52843,1178604,D,2024-06-25,33.0,M,In Water,202406
202406,25,1970-01-01,52844,1178604,D,2024-06-25,15.0,M,In Water,202406
202407,1,1970-01-01,52848,1178886,I,2024-07-01,31.0,M,Outside/Open Areas,202406
202406,27,1970-01-01,53304,1192087,I,2024-06-27,57.0,M,Outside/Open Areas,202406
202406,27,1970-01-01,53303,1192087,I,2024-06-27,72.0,M,Permanent Home,202406
202406,21,1970-01-01,53109,1192088,I,2024-06-21,52.0,M,Outside/Open Areas,202406
202406,25,1970-01-01,53110,1192089,D,2024-06-25,63.0,M,Outside/Open Areas,202406
202406,21,1970-01-01,53268,1198334,D,2024-06-21,50.0,F,Outside/Open Areas,202406
202406,21,1970-01-01,53269,1198334,D,2024-06-21,58.0,M,Outside/Open Areas,202406
202406,7,1970-01-01,53271,1198387,D,2024-06-07,11.0,M,In Water,202406
202404,3,1970-01-01,53290,1199427,D,2024-04-03,,,Under Tree,202404
202406,26,1970-01-01,53302,1201899,D,2024-06-26,66.0,M,Outside/Open Areas,202406
202406,8,1970-01-01,53416,1204001,I,2024-06-08,29.0,M,Outside/Open Areas,202406
202406,21,1970-01-01,53419,1204007,I,2024-06-21,69.0,M,Permanent Home,202406
202406,21,1970-01-01,53475,1204419,D,2024-06-21,17.0,M,In Water,202406
202406,21,1970-01-01,53480,1205173,D,2024-06-21,16.0,M,In Water,202406
202406,21,1970-01-01,53481,1205173,D,2024-06-21,17.0,M,In Water,202406
202408,28,1970-01-01,53409,1202025,I,2024-08-28,65.0,M,Outside/Open Areas,202408
202406,25,1970-01-01,52910,1181782,D,2024-06-25,58.0,M,Permanent Structure,202406
202406,5,1970-01-01,53201,1182306,I,2024-06-05,53.0,F,Unknown,202406
202406,5,1970-01-01,53202,1182306,I,2024-06-05,63.0,F,Unknown,202406
202406,6,1970-01-01,53203,1182306,I,2024-06-06,44.0,M,Unknown,202406
202406,6,1970-01-01,53204,1182306,I,2024-06-06,89.0,M,Unknown,202406
202406,6,1970-01-01,53205,1182306,D,2024-06-06,79.0,F,Unknown,202406
202406,6,1970-01-01,53206,1182306,I,2024-06-06,79.0,F,Unknown,202406
202406,6,1970-01-01,53207,1182306,D,2024-06-06,47.0,M,Unknown,202406
202406,7,1970-01-01,53208,1182306,D,2024-06-07,76.0,F,Unknown,202406
202406,7,1970-01-01,53209,1182306,D,2024-06-07,72.0,F,Unknown,202406
202406,7,1970-01-01,53210,1182306,I,2024-06-07,60.0,F,Unknown,202406
202406,7,1970-01-01,53211,1182306,I,2024-06-07,36.0,M,Unknown,202406
202406,7,1970-01-01,53212,1182306,I,2024-06-07,42.0,F,Unknown,202406
202406,7,1970-01-01,53213,1182306,I,2024-06-07,84.0,M,Unknown,202406
202406,7,1970-01-01,53214,1182306,I,2024-06-07,84.0,F,Unknown,202406
202406,8,1970-01-01,53215,1182306,I,2024-06-08,76.0,F,Unknown,202406
202406,8,1970-01-01,53216,1182306,I,2024-06-08,52.0,M,Unknown,202406
202406,8,1970-01-01,53217,1182306,I,2024-06-08,75.0,F,Unknown,202406
202406,9,1970-01-01,53218,1182306,I,2024-06-09,40.0,M,Unknown,202406
202406,10,1970-01-01,53219,1182306,I,2024-06-10,74.0,F,Unknown,202406
202406,12,1970-01-01,53220,1182318,I,2024-06-12,52.0,F,Unknown,202406
202406,13,1970-01-01,53221,1182318,D,2024-06-13,54.0,M,Unknown,202406
202406,14,1970-01-01,53222,1182318,I,2024-06-14,25.0,M,Unknown,202406
202406,14,1970-01-01,53223,1182318,I,2024-06-14,84.0,M,Unknown,202406
202406,15,1970-01-01,53224,1182318,D,2024-06-15,64.0,M,Unknown,202406
202406,15,1970-01-01,53225,1182318,I,2024-06-15,48.0,M,Unknown,202406
202406,15,1970-01-01,53226,1182318,I,2024-06-15,38.0,M,Unknown,202406
202406,16,1970-01-01,53227,1182318,I,2024-06-16,48.0,M,Unknown,202406
202406,16,1970-01-01,53228,1182318,I,2024-06-16,35.0,M,Unknown,202406
202406,17,1970-01-01,53229,1182318,I,2024-06-17,65.0,M,Unknown,202406
202406,6,1970-01-01,53273,1183130,D,2024-06-06,14.0,F,Vehicle/Towed Trailer,202406
202406,2,1970-01-01,53098,1191426,D,2024-06-02,,,Outside/Open Areas,202406
202406,30,1970-01-01,53260,1191476,D,2024-06-30,19.0,M,Outside/Open Areas,202406
202406,4,1970-01-01,53279,1191647,D,2024-06-04,24.0,M,Heavy Equipment/Construction,202406
202408,22,1970-01-01,53788,1206319,D,2024-08-22,26.0,M,In Water,202408
202408,20,1970-01-01,53695,1207006,D,2024-08-20,2.0,F,Vehicle/Towed Trailer,202408
202408,21,1970-01-01,53698,1207039,D,2024-08-21,1.0,F,Vehicle/Towed Trailer,202408
202408,21,1970-01-01,53699,1207044,D,2024-08-21,1.0,F,Vehicle/Towed Trailer,202408
202408,11,1970-01-01,53724,1207220,D,2024-08-11,83.0,M,In Water,202408
202408,5,1970-01-01,53725,1207865,I,2024-08-05,93.0,M,Unknown,202408
202408,6,1970-01-01,53726,1207865,I,2024-08-06,63.0,F,Unknown,202408
202406,30,1970-01-01,53249,1192782,D,2024-06-30,45.0,F,Camping,202406
202406,30,1970-01-01,53169,1194107,D,2024-06-30,41.0,M,In Water,202406
202406,6,1970-01-01,53180,1194997,D,2024-06-06,27.0,M,Heavy Equipment/Construction,202406
202406,17,1970-01-01,53181,1195001,D,2024-06-17,16.0,M,In Water,202406
202406,15,1970-01-01,53191,1195189,D,2024-06-15,19.0,M,In Water,202406
202406,3,1970-01-01,53192,1195574,D,2024-06-03,76.0,M,Vehicle/Towed Trailer,202406
202406,2,1970-01-01,53197,1196325,I,2024-06-02,32.0,F,Unknown,202406
202406,2,1970-01-01,53198,1196325,I,2024-06-02,51.0,M,Unknown,202406
202406,3,1970-01-01,53199,1196325,I,2024-06-03,75.0,F,Unknown,202406
202406,4,1970-01-01,53200,1196325,I,2024-06-04,65.0,M,Unknown,202406
202406,21,1970-01-01,53230,1196337,I,2024-06-21,43.0,M,Unknown,202406
202406,21,1970-01-01,53231,1196337,I,2024-06-21,71.0,F,Unknown,202406
202406,22,1970-01-01,53232,1196337,I,2024-06-22,68.0,M,Unknown,202406
202406,22,1970-01-01,53233,1196337,D,2024-06-22,46.0,M,Unknown,202406
202406,22,1970-01-01,53234,1196337,I,2024-06-22,58.0,M,Unknown,202406
202406,22,1970-01-01,53235,1196337,D,2024-06-22,55.0,F,Unknown,202406
202406,23,1970-01-01,53236,1196337,D,2024-06-23,68.0,F,Unknown,202406
202406,24,1970-01-01,53237,1196337,I,2024-06-24,61.0,M,Unknown,202406
202406,24,1970-01-01,53238,1196337,I,2024-06-24,49.0,M,Unknown,202406
202406,24,1970-01-01,53239,1196337,D,2024-06-24,70.0,M,Unknown,202406
202406,24,1970-01-01,53240,1196337,I,2024-06-24,89.0,F,Unknown,202406
202406,25,1970-01-01,53241,1196337,I,2024-06-25,39.0,M,Unknown,202406
202406,25,1970-01-01,53242,1196337,D,2024-06-25,75.0,M,Unknown,202406
202406,26,1970-01-01,53243,1196337,I,2024-06-26,53.0,M,Unknown,202406
202406,26,1970-01-01,53244,1196337,I,2024-06-26,51.0,M,Unknown,202406
202406,26,1970-01-01,53245,1196337,I,2024-06-26,46.0,F,Unknown,202406
202406,28,1970-01-01,53246,1196341,I,2024-06-28,48.0,M,Unknown,202406
202406,29,1970-01-01,53247,1196341,D,2024-06-29,74.0,M,Unknown,202406
202406,23,1970-01-01,53248,1196417,D,2024-06-23,50.0,F,Outside/Open Areas,202406
202406,26,1970-01-01,53250,1196642,D,2024-06-26,6.0,M,Boating,202406
202406,26,1970-01-01,53263,1198073,D,2024-06-26,,M,Mobile/Trailer Home,202406
202406,20,1970-01-01,53276,1198614,D,2024-06-20,48.0,F,In Water,202406
202406,20,1970-01-01,53277,1198614,D,2024-06-20,51.0,F,In Water,202406
202402,6,1970-01-01,53565,1205486,I,2024-02-06,12.0,F,Outside/Open Areas,202401
202402,27,1970-01-01,53737,1205694,D,2024-02-27,83.0,F,Permanent Home,202402
202402,29,1970-01-01,53738,1205801,D,2024-02-29,44.0,F,Vehicle/Towed Trailer,202402
202408,9,1970-01-01,53167,1193100,D,2024-08-09,,,Outside/Open Areas,202408
202408,5,1970-01-01,53951,1197229,D,2024-08-05,,,Permanent Home,202408
202408,5,1970-01-01,53952,1197229,I,2024-08-05,,,Vehicle/Towed Trailer,202408
202408,5,1970-01-01,53953,1197229,I,2024-08-05,,,Vehicle/Towed Trailer,202408
202408,5,1970-01-01,53949,1197264,D,2024-08-05,19.0,M,Permanent Home,202408
202408,1,1970-01-01,54754,1197724,D,2024-08-01,,M,Permanent Home,202408
202408,25,1970-01-01,54956,1199210,D,2024-08-25,42.0,M,Vehicle/Towed Trailer,202408
202402,9,1970-01-01,52741,1168287,D,2024-02-09,34.0,M,Outside/Open Areas,202402
202401,17,1970-01-01,52812,1164391,D,2024-01-17,15.0,M,Outside/Open Areas,202401
202401,17,1970-01-01,52813,1164391,D,2024-01-17,30.0,M,Outside/Open Areas,202401
202401,12,1970-01-01,52766,1158557,D,2024-01-12,26.0,M,Unknown,202401
202401,13,1970-01-01,52767,1158557,D,2024-01-13,58.0,M,Unknown,202401
202401,15,1970-01-01,52770,1158557,D,2024-01-15,63.0,F,Unknown,202401
202401,15,1970-01-01,52771,1158557,D,2024-01-15,90.0,M,Unknown,202401
202401,15,1970-01-01,52772,1158557,D,2024-01-15,81.0,M,Unknown,202401
202401,14,1970-01-01,52773,1158557,D,2024-01-14,76.0,F,Permanent Home,202401
202401,14,1970-01-01,52774,1158557,D,2024-01-14,76.0,F,Permanent Home,202401
202401,14,1970-01-01,52768,1158557,D,2024-01-14,81.0,M,Under Tree,202401
202401,14,1970-01-01,52769,1158557,D,2024-01-14,58.0,M,Under Tree,202401
202401,11,1970-01-01,52397,1159657,D,2024-01-11,33.0,M,Outside/Open Areas,202401
202401,16,1970-01-01,52403,1160372,D,2024-01-16,37.0,M,Unknown,202401
202401,16,1970-01-01,52404,1160372,D,2024-01-16,67.0,M,Unknown,202401
202401,16,1970-01-01,52405,1160372,D,2024-01-16,63.0,M,Unknown,202401
202401,16,1970-01-01,52406,1160372,D,2024-01-16,67.0,,Unknown,202401
202401,16,1970-01-01,52407,1160372,D,2024-01-16,53.0,M,Unknown,202401
202401,19,1970-01-01,52816,1164389,D,2024-01-19,82.0,M,Unknown,202401
202404,29,1970-01-01,52819,1170145,D,2024-04-29,,M,In Water,202404
202404,1,1970-01-01,52823,1177204,D,2024-04-01,46.0,F,Outside/Open Areas,202404
202401,17,1970-01-01,52814,1164391,D,2024-01-17,21.0,F,Outside/Open Areas,202401
202402,11,1970-01-01,52466,1151847,D,2024-02-11,,,Outside/Open Areas,202402
202402,14,1970-01-01,52221,1152695,D,2024-02-14,68.0,F,Vehicle/Towed Trailer,202402
202402,27,1970-01-01,52260,1153834,I,2024-02-27,63.0,M,Vehicle/Towed Trailer,202402
202402,27,1970-01-01,52261,1154058,I,2024-02-27,54.0,F,Vehicle/Towed Trailer,202402
202401,19,1970-01-01,52287,1148559,I,2024-01-19,73.0,M,Vehicle/Towed Trailer,202401
202401,7,1970-01-01,51474,1147396,D,2024-01-07,39.0,M,Vehicle/Towed Trailer,202401
202401,8,1970-01-01,51497,1147446,I,2024-01-08,71.0,M,Vehicle/Towed Trailer,202401
202401,15,1970-01-01,52298,1148123,I,2024-01-15,66.0,M,Outside/Open Areas,202401
202401,15,1970-01-01,51788,1148130,I,2024-01-15,65.0,M,Vehicle/Towed Trailer,202401
202401,17,1970-01-01,51815,1148303,I,2024-01-17,25.0,M,Mobile/Trailer Home,202401
202402,4,1970-01-01,52272,1154792,I,2024-02-04,45.0,M,Permanent Home,202402
202402,13,1970-01-01,52516,1156332,D,2024-02-13,59.0,M,Ball Field,202402
202402,4,1970-01-01,52684,1162818,D,2024-02-04,41.0,M,Under Tree,202402
202402,4,1970-01-01,52685,1162818,D,2024-02-04,63.0,F,Under Tree,202402
202402,4,1970-01-01,52687,1162823,D,2024-02-04,82.0,M,Under Tree,202402
202402,7,1970-01-01,52477,1162900,D,2024-02-07,,,In Water,202402
202402,13,1970-01-01,52479,1163244,D,2024-02-13,39.0,M,In Water,202402
202402,16,1970-01-01,52502,1163325,D,2024-02-16,,,Vehicle/Towed Trailer,202402
202402,22,1970-01-01,52681,1164549,D,2024-02-22,,M,Camping,202402
202402,22,1970-01-01,52682,1164549,D,2024-02-22,,,Camping,202402
202401,19,1970-01-01,52815,1164391,D,2024-01-19,79.0,M,Outside/Open Areas,202401
202401,6,1970-01-01,51453,1146810,I,2024-01-06,,,Vehicle/Towed Trailer,202401
202401,6,1970-01-01,51454,1146810,I,2024-01-06,,,Vehicle/Towed Trailer,202401
202401,18,1970-01-01,52065,1148092,I,2024-01-18,,,Vehicle/Towed Trailer,202401
202401,29,1970-01-01,52066,1150332,I,2024-01-29,,,Vehicle/Towed Trailer,202401
202401,29,1970-01-01,52067,1150332,I,2024-01-29,,,Vehicle/Towed Trailer,202401
202402,6,1970-01-01,52056,1151475,I,2024-02-06,22.0,M,Vehicle/Towed Trailer,202402
202401,22,1970-01-01,53094,1157458,D,2024-01-22,46.0,F,In Water,202401
202401,22,1970-01-01,53095,1157458,D,2024-01-22,48.0,M,In Water,202401
202401,24,1970-01-01,52401,1160124,D,2024-01-24,74.0,M,In Water,202401
202403,23,1970-01-01,52414,1160836,I,2024-03-23,12.0,M,Vehicle/Towed Trailer,202403
202402,4,1970-01-01,52673,1164571,D,2024-02-04,22.0,F,Outside/Open Areas,202402
202402,6,1970-01-01,53091,1165338,D,2024-02-06,61.0,M,In Water,202402
202401,17,1970-01-01,52817,1164396,D,2024-01-17,83.0,M,Unknown,202401
202403,30,1970-01-01,52510,1164629,D,2024-03-30,42.0,M,Outside/Open Areas,202403
202404,2,1970-01-01,52514,1164647,D,2024-04-02,19.0,M,In Water,202404
202405,3,1970-01-01,53255,1165426,D,2024-05-03,,M,Mobile/Trailer Home,202404
202404,26,1970-01-01,53081,1167525,D,2024-04-26,,M,Other,202404
202405,26,1970-01-01,52785,1171606,D,2024-05-26,,M,Vehicle/Towed Trailer,202405
202404,2,1970-01-01,52791,1172245,I,2024-04-02,19.0,M,Vehicle/Towed Trailer,202404
202404,10,1970-01-01,52794,1174964,D,2024-04-10,60.0,F,Mobile/Trailer Home,202404
202405,5,1970-01-01,53055,1180482,D,2024-05-05,5.0,M,Vehicle/Towed Trailer,202405
202405,25,1970-01-01,53062,1182292,D,2024-05-25,15.0,F,Mobile/Trailer Home,202405
202405,25,1970-01-01,53063,1182292,D,2024-05-25,9.0,M,Mobile/Trailer Home,202405
202405,25,1970-01-01,53064,1182292,D,2024-05-25,49.0,F,Mobile/Trailer Home,202405
202405,25,1970-01-01,53065,1182292,D,2024-05-25,72.0,M,Mobile/Trailer Home,202405
202405,25,1970-01-01,53066,1182292,D,2024-05-25,57.0,M,Mobile/Trailer Home,202405
202401,22,1970-01-01,52305,1148561,D,2024-01-22,67.0,M,Outside/Open Areas,202401
202401,16,1970-01-01,51840,1148657,I,2024-01-16,41.0,M,Outside/Open Areas,202401
202401,12,1970-01-01,52280,1149860,I,2024-01-12,44.0,M,Outside/Open Areas,202401
202401,12,1970-01-01,52004,1150260,D,2024-01-12,64.0,M,Outside/Open Areas,202401
202401,13,1970-01-01,52005,1150260,D,2024-01-13,69.0,M,Outside/Open Areas,202401
202401,15,1970-01-01,52006,1150260,D,2024-01-15,40.0,M,Outside/Open Areas,202401
202401,15,1970-01-01,52007,1150260,D,2024-01-15,49.0,F,Outside/Open Areas,202401
202401,9,1970-01-01,52285,1150318,D,2024-01-09,81.0,F,Mobile/Trailer Home,202401
202401,9,1970-01-01,52021,1150326,D,2024-01-09,68.0,M,Vehicle/Towed Trailer,202401
202407,10,1970-01-01,53667,1206540,D,2024-07-10,61.0,M,Mobile/Trailer Home,202407
202407,16,1970-01-01,53669,1206542,D,2024-07-16,90.0,M,Permanent Home,202407
202401,14,1970-01-01,52282,1150495,D,2024-01-14,41.0,F,Outside/Open Areas,202401
202401,16,1970-01-01,52283,1150498,D,2024-01-16,59.0,M,Outside/Open Areas,202401
202401,6,1970-01-01,52415,1150637,I,2024-01-06,26.0,F,Vehicle/Towed Trailer,202401
202401,13,1970-01-01,52192,1152314,D,2024-01-13,68.0,M,Mobile/Trailer Home,202401
202401,16,1970-01-01,52323,1152536,D,2024-01-16,,,Unknown,202401
202401,16,1970-01-01,52274,1155055,D,2024-01-16,85.0,F,Outside/Open Areas,202401
202401,20,1970-01-01,52276,1155059,D,2024-01-20,18.0,M,Outside/Open Areas,202401
202401,23,1970-01-01,52277,1155060,D,2024-01-23,59.0,M,Outside/Open Areas,202401
202401,30,1970-01-01,52290,1156940,I,2024-01-30,54.0,F,Vehicle/Towed Trailer,202401
202401,30,1970-01-01,52289,1157059,I,2024-01-30,54.0,F,Vehicle/Towed Trailer,202401
202401,30,1970-01-01,52293,1157060,I,2024-01-30,54.0,F,Vehicle/Towed Trailer,202401
202401,15,1970-01-01,52297,1157344,D,2024-01-15,67.0,M,Outside/Open Areas,202401
202401,17,1970-01-01,52295,1157346,D,2024-01-17,58.0,F,Vehicle/Towed Trailer,202401
202401,11,1970-01-01,52381,1157574,D,2024-01-11,27.0,M,Under Tree,202401
202401,14,1970-01-01,52304,1157593,I,2024-01-14,44.0,F,Unknown,202401
202407,25,1970-01-01,53639,1205806,D,2024-07-25,77.0,F,Unknown,202407
202407,25,1970-01-01,53640,1205806,D,2024-07-25,59.0,M,Unknown,202407
202407,25,1970-01-01,53641,1205806,I,2024-07-25,61.0,M,Unknown,202407
202407,26,1970-01-01,53642,1205806,I,2024-07-26,91.0,F,Unknown,202407
202401,14,1970-01-01,52318,1158056,D,2024-01-14,41.0,M,Outside/Open Areas,202401
202401,20,1970-01-01,52395,1158176,I,2024-01-20,73.0,F,Unknown,202401
202401,21,1970-01-01,52396,1158176,I,2024-01-21,69.0,F,Vehicle/Towed Trailer,202401
202401,22,1970-01-01,52379,1158231,D,2024-01-22,8.0,M,In Water,202401
202407,26,1970-01-01,53643,1205806,D,2024-07-26,37.0,M,Unknown,202407
202401,14,1970-01-01,52389,1158345,I,2024-01-14,,,Unknown,202401
202401,15,1970-01-01,52382,1158525,I,2024-01-15,,,Unknown,202401
202401,15,1970-01-01,52383,1158525,I,2024-01-15,,,Unknown,202401
202401,24,1970-01-01,52370,1158643,I,2024-01-24,83.0,F,Vehicle/Towed Trailer,202401
202401,16,1970-01-01,52400,1159005,D,2024-01-16,73.0,F,Permanent Home,202401
202401,9,1970-01-01,52372,1159053,D,2024-01-09,39.0,M,Mobile/Trailer Home,202401
202401,15,1970-01-01,52390,1159226,I,2024-01-15,,,Unknown,202401
202401,15,1970-01-01,52376,1159277,D,2024-01-15,29.0,M,Vehicle/Towed Trailer,202401
202401,15,1970-01-01,52377,1159310,D,2024-01-15,89.0,M,Under Tree,202401
202401,15,1970-01-01,52384,1159571,I,2024-01-15,,,Unknown,202401
202401,15,1970-01-01,52385,1159571,I,2024-01-15,,,Unknown,202401
202401,15,1970-01-01,52387,1159650,I,2024-01-15,72.0,M,Vehicle/Towed Trailer,202401
202401,15,1970-01-01,52388,1159650,I,2024-01-15,52.0,M,Vehicle/Towed Trailer,202401
202401,15,1970-01-01,52392,1159655,D,2024-01-15,73.0,F,Outside/Open Areas,202401
202401,15,1970-01-01,52394,1159655,D,2024-01-15,71.0,F,Permanent Home,202401
202401,15,1970-01-01,52391,1159655,I,2024-01-15,50.0,M,Vehicle/Towed Trailer,202401
202401,15,1970-01-01,52393,1159655,I,2024-01-15,,,Vehicle/Towed Trailer,202401
202407,16,1970-01-01,53670,1206542,D,2024-07-16,85.0,F,Permanent Home,202407
202407,15,1970-01-01,53668,1206542,D,2024-07-15,70.0,M,Vehicle/Towed Trailer,202407
202406,9,1970-01-01,52788,1172379,D,2024-06-09,,,Other,202406
202406,19,1970-01-01,53701,1176524,D,2024-06-19,60.0,M,Permanent Structure,202406
202403,11,1970-01-01,52279,1155783,D,2024-03-11,43.0,M,Permanent Home,202403
202403,25,1970-01-01,52449,1159054,D,2024-03-25,64.0,M,Under Tree,202403
202406,19,1970-01-01,53700,1176524,D,2024-06-19,,,Vehicle/Towed Trailer,202406
202404,21,1970-01-01,52742,1161518,D,2024-04-21,73.0,,Permanent Home,202403
202406,22,1970-01-01,53298,1177078,D,2024-06-22,27.0,F,Outside/Open Areas,202406
202403,27,1970-01-01,52517,1164913,D,2024-03-27,40.0,M,In Water,202403
202403,6,1970-01-01,52518,1164917,D,2024-03-06,35.0,M,In Water,202403
202403,10,1970-01-01,52519,1164919,D,2024-03-10,20.0,M,In Water,202403
202403,10,1970-01-01,52520,1164919,D,2024-03-10,34.0,M,In Water,202403
202403,13,1970-01-01,52521,1164921,D,2024-03-13,52.0,M,In Water,202403
202403,27,1970-01-01,52522,1164924,D,2024-03-27,26.0,M,In Water,202403
202403,1,1970-01-01,52747,1169612,D,2024-03-01,54.0,M,Outside/Open Areas,202403
202403,13,1970-01-01,52751,1170009,D,2024-03-13,40.0,M,In Water,202403
202403,17,1970-01-01,52752,1170010,D,2024-03-17,28.0,M,In Water,202403
202407,26,1970-01-01,53644,1205806,I,2024-07-26,75.0,M,Unknown,202407
202407,26,1970-01-01,53645,1205806,I,2024-07-26,40.0,M,Unknown,202407
202407,26,1970-01-01,53646,1205806,D,2024-07-26,56.0,M,Unknown,202407
202407,26,1970-01-01,53647,1205806,D,2024-07-26,64.0,M,Unknown,202407
202407,26,1970-01-01,53648,1205806,I,2024-07-26,62.0,M,Unknown,202407
202407,26,1970-01-01,53649,1205806,I,2024-07-26,72.0,M,Unknown,202407
202407,26,1970-01-01,53650,1205806,D,2024-07-26,43.0,M,Unknown,202407
202407,27,1970-01-01,53651,1205806,I,2024-07-27,87.0,F,Unknown,202407
202407,27,1970-01-01,53652,1205806,D,2024-07-27,73.0,M,Unknown,202407
202407,27,1970-01-01,53653,1205806,I,2024-07-27,54.0,M,Unknown,202407
202407,27,1970-01-01,53654,1205806,D,2024-07-27,49.0,M,Unknown,202407
202407,31,1970-01-01,53691,1206026,I,2024-07-31,65.0,F,In Water,202407
202407,31,1970-01-01,53692,1206026,I,2024-07-31,66.0,F,In Water,202407
202407,7,1970-01-01,53662,1206106,D,2024-07-07,33.0,M,Unknown,202407
202407,6,1970-01-01,53663,1206113,D,2024-07-06,54.0,M,Unknown,202407
202407,10,1970-01-01,53664,1206113,D,2024-07-10,55.0,M,Unknown,202407
202407,9,1970-01-01,53665,1206114,D,2024-07-09,27.0,M,Unknown,202407
202406,22,1970-01-01,53299,1177078,D,2024-06-22,45.0,M,Outside/Open Areas,202406
202406,26,1970-01-01,52824,1177519,D,2024-06-26,30.0,M,Permanent Home,202406
202406,27,1970-01-01,52840,1178204,D,2024-06-27,7.0,F,Outside/Open Areas,202406
202406,7,1970-01-01,53265,1179512,I,2024-06-07,51.0,M,Unknown,202406
202407,31,1970-01-01,57365,1218391,I,2024-07-31,44.0,M,Outside/Open Areas,202407
202406,23,1970-01-01,57996,1220353,D,2024-06-23,59.0,M,Outside/Open Areas,202406
202407,3,1970-01-01,53137,1193782,I,2024-07-03,72.0,F,Mobile/Trailer Home,202407
202407,12,1970-01-01,53321,1193811,I,2024-07-12,56.0,F,Mobile/Trailer Home,202407
202407,10,1970-01-01,53330,1193811,I,2024-07-10,69.0,M,Permanent Home,202407
202407,18,1970-01-01,53897,1195041,D,2024-07-18,82.0,M,Permanent Home,202407
202405,16,1970-01-01,53041,1188425,I,2024-05-16,51.0,M,Vehicle/Towed Trailer,202405
202407,9,1970-01-01,53312,1194220,D,2024-07-09,70.0,F,Outside/Open Areas,202407
202412,3,1970-01-01,57995,1220305,I,2024-12-03,,,Vehicle/Towed Trailer,202412
202412,14,1970-01-01,58032,1221118,I,2024-12-14,38.0,F,Vehicle/Towed Trailer,202412
202412,14,1970-01-01,58104,1221869,I,2024-12-14,74.0,M,Vehicle/Towed Trailer,202412
202412,18,1970-01-01,58108,1221988,D,2024-12-18,68.0,M,In Water,202412
202412,25,1970-01-01,58109,1221989,D,2024-12-25,90.0,M,In Water,202412
202412,28,1970-01-01,58112,1222045,I,2024-12-28,83.0,M,Vehicle/Towed Trailer,202412
202412,28,1970-01-01,58113,1222045,I,2024-12-28,82.0,F,Vehicle/Towed Trailer,202412
202412,28,1970-01-01,58114,1222045,I,2024-12-28,41.0,M,Vehicle/Towed Trailer,202412
202412,23,1970-01-01,58115,1221371,D,2024-12-23,75.0,F,Outside/Open Areas,202412
202412,30,1970-01-01,58140,1222400,D,2024-12-30,29.0,M,Outside/Open Areas,202412
202412,23,1970-01-01,58156,1223059,D,2024-12-23,35.0,M,In Water,202412
202412,23,1970-01-01,58157,1223060,D,2024-12-23,,M,In Water,202412
202412,23,1970-01-01,58158,1223061,D,2024-12-23,64.0,M,In Water,202412
202412,2,1970-01-01,58173,1223429,D,2024-12-02,69.0,M,Outside/Open Areas,202412
202412,13,1970-01-01,58186,1221746,D,2024-12-13,64.0,F,Outside/Open Areas,202412
202412,13,1970-01-01,58187,1221746,D,2024-12-13,56.0,M,Permanent Home,202412
202412,19,1970-01-01,58192,1224566,I,2024-12-19,55.0,M,Vehicle/Towed Trailer,202412
202412,28,1970-01-01,58194,1224975,D,2024-12-28,38.0,M,Outside/Open Areas,202412
202412,26,1970-01-01,58196,1225038,D,2024-12-26,30.0,M,Vehicle/Towed Trailer,202412
202412,19,1970-01-01,58240,1226602,I,2024-12-19,40.0,M,Unknown,202412
202412,22,1970-01-01,58331,1228895,D,2024-12-22,32.0,M,Boating,202412
202412,17,1970-01-01,58336,1229038,I,2024-12-17,69.0,F,Vehicle/Towed Trailer,202412
202412,30,1970-01-01,58341,1228901,D,2024-12-30,,M,Boating,202412
202412,30,1970-01-01,58342,1228901,D,2024-12-30,,M,Boating,202412
202412,30,1970-01-01,58343,1228901,D,2024-12-30,,F,Boating,202412
202412,30,1970-01-01,58344,1228901,D,2024-12-30,,F,Boating,202412
202412,28,1970-01-01,58348,1224047,D,2024-12-28,47.0,F,Mobile/Trailer Home,202412
202412,28,1970-01-01,58351,1229239,D,2024-12-28,18.0,F,Permanent Home,202412
202412,2,1970-01-01,58352,1223615,I,2024-12-02,29.0,M,Vehicle/Towed Trailer,202412
202412,2,1970-01-01,58353,1223891,I,2024-12-02,42.0,M,Vehicle/Towed Trailer,202412
202412,2,1970-01-01,58354,1223891,I,2024-12-02,52.0,F,Vehicle/Towed Trailer,202412
202412,5,1970-01-01,58358,1229374,D,2024-12-05,51.0,M,Vehicle/Towed Trailer,202412
202412,31,1970-01-01,58361,1224980,D,2024-12-31,1.0,M,Outside/Open Areas,202412
202412,18,1970-01-01,58364,1221241,D,2024-12-18,,M,In Water,202412
202412,18,1970-01-01,58365,1229703,D,2024-12-18,30.0,M,Vehicle/Towed Trailer,202412
202412,18,1970-01-01,58366,1229703,D,2024-12-18,56.0,M,Vehicle/Towed Trailer,202412
202412,4,1970-01-01,58370,1229834,D,2024-12-04,64.0,F,Vehicle/Towed Trailer,202412
202412,15,1970-01-01,58451,1230993,D,2024-12-15,39.0,M,Outside/Open Areas,202412
202412,18,1970-01-01,58452,1230996,D,2024-12-18,79.0,M,Outside/Open Areas,202412
202412,26,1970-01-01,58453,1230998,I,2024-12-26,59.0,M,Outside/Open Areas,202412
202409,22,1970-01-01,53705,1207396,D,2024-09-22,81.0,M,Vehicle/Towed Trailer,202409
202409,19,1970-01-01,53706,1207399,D,2024-09-19,64.0,M,Vehicle/Towed Trailer,202409
202409,27,1970-01-01,57353,1207968,D,2024-09-27,27.0,F,Mobile/Trailer Home,202409
202409,27,1970-01-01,57354,1207968,D,2024-09-27,0.0,M,Mobile/Trailer Home,202409
202409,27,1970-01-01,57355,1207968,D,2024-09-27,0.0,M,Mobile/Trailer Home,202409
202409,27,1970-01-01,57356,1207968,I,2024-09-27,89.0,F,Permanent Home,202409
202409,28,1970-01-01,57349,1207971,I,2024-09-28,,,Vehicle/Towed Trailer,202409
202409,27,1970-01-01,57358,1207972,D,2024-09-27,72.0,M,Permanent Home,202409
202409,27,1970-01-01,57359,1207972,D,2024-09-27,10.0,M,Permanent Home,202409
202409,27,1970-01-01,57360,1207972,D,2024-09-27,36.0,M,Permanent Home,202409
202409,27,1970-01-01,57361,1207972,D,2024-09-27,62.0,F,Permanent Home,202409
202409,27,1970-01-01,57362,1207972,D,2024-09-27,62.0,F,Permanent Home,202409
202409,27,1970-01-01,57363,1207972,D,2024-09-27,50.0,M,Permanent Home,202409
202409,27,1970-01-01,57364,1207972,I,2024-09-27,52.0,F,Vehicle/Towed Trailer,202409
202409,27,1970-01-01,57357,1207973,D,2024-09-27,75.0,M,Mobile/Trailer Home,202409
202409,27,1970-01-01,57352,1209157,D,2024-09-27,70.0,M,Permanent Home,202409
202409,27,1970-01-01,57329,1209356,D,2024-09-27,78.0,M,Permanent Home,202409
202409,27,1970-01-01,57330,1209356,D,2024-09-27,74.0,F,Permanent Home,202409
202409,27,1970-01-01,57331,1209356,D,2024-09-27,29.0,M,Permanent Home,202409
202409,27,1970-01-01,57332,1209356,D,2024-09-27,70.0,M,Permanent Home,202409
202409,27,1970-01-01,57333,1209356,I,2024-09-27,80.0,M,Permanent Home,202409
202409,27,1970-01-01,57334,1209356,I,2024-09-27,81.0,M,Permanent Home,202409
202409,27,1970-01-01,57337,1209356,I,2024-09-27,86.0,M,Permanent Home,202409
202409,27,1970-01-01,57338,1209356,I,2024-09-27,75.0,M,Permanent Home,202409
202409,27,1970-01-01,57335,1209356,I,2024-09-27,66.0,F,Permanent Structure,202409
202409,27,1970-01-01,57336,1209356,I,2024-09-27,66.0,M,Permanent Structure,202409
202409,27,1970-01-01,57317,1209507,I,2024-09-27,,,Unknown,202409
202409,27,1970-01-01,57315,1209507,D,2024-09-27,18.0,M,Vehicle/Towed Trailer,202409
202409,27,1970-01-01,57316,1209507,D,2024-09-27,53.0,M,Vehicle/Towed Trailer,202409
202409,27,1970-01-01,57328,1209658,D,2024-09-27,77.0,F,Mobile/Trailer Home,202409
202409,26,1970-01-01,56103,1209834,D,2024-09-26,,,Permanent Home,202409
202409,26,1970-01-01,56104,1209834,I,2024-09-26,,,Permanent Home,202409
202409,26,1970-01-01,56105,1209834,I,2024-09-26,,,Permanent Home,202409
202409,27,1970-01-01,56110,1210032,D,2024-09-27,,,Permanent Home,202409
202409,27,1970-01-01,56111,1210032,D,2024-09-27,,,Permanent Home,202409
202409,27,1970-01-01,56112,1210041,D,2024-09-27,,,Vehicle/Towed Trailer,202409
202409,27,1970-01-01,56091,1210504,I,2024-09-27,66.0,F,Permanent Home,202409
202409,27,1970-01-01,56085,1210797,I,2024-09-27,,,Vehicle/Towed Trailer,202409
202409,27,1970-01-01,57344,1210803,I,2024-09-27,,,Unknown,202409
202409,27,1970-01-01,57345,1210803,I,2024-09-27,,,Unknown,202409
202409,27,1970-01-01,57346,1210803,I,2024-09-27,,,Unknown,202409
202409,27,1970-01-01,57347,1210803,D,2024-09-27,48.0,F,Vehicle/Towed Trailer,202409
202409,27,1970-01-01,57348,1210803,D,2024-09-27,49.0,M,Vehicle/Towed Trailer,202409
202409,18,1970-01-01,57229,1215697,D,2024-09-18,16.0,M,Outside/Open Areas,202409
202409,27,1970-01-01,55041,1215993,D,2024-09-27,81.0,M,Permanent Home,202409
202409,1,1970-01-01,55042,1216190,D,2024-09-01,54.0,M,Unknown,202409
202409,1,1970-01-01,55043,1216190,D,2024-09-01,53.0,M,Unknown,202409
202409,2,1970-01-01,55044,1216190,D,2024-09-02,71.0,M,Unknown,202409
202409,10,1970-01-01,55047,1216202,I,2024-09-10,83.0,M,Outside/Open Areas,202409
202409,7,1970-01-01,55045,1216202,D,2024-09-07,40.0,M,Permanent Home,202409
202409,8,1970-01-01,55046,1216202,I,2024-09-08,52.0,M,Permanent Structure,202409
202409,13,1970-01-01,55049,1216214,I,2024-09-13,68.0,M,Outside/Open Areas,202409
202409,14,1970-01-01,55050,1216214,I,2024-09-14,69.0,M,Outside/Open Areas,202409
202409,12,1970-01-01,55048,1216214,I,2024-09-12,75.0,M,Permanent Home,202409
202409,23,1970-01-01,55051,1216218,D,2024-09-23,38.0,M,Unknown,202409
202409,3,1970-01-01,57176,1216288,D,2024-09-03,,M,Outside/Open Areas,202409
202409,8,1970-01-01,56098,1216695,D,2024-09-08,22.0,F,In Water,202409
202409,25,1970-01-01,56099,1216696,D,2024-09-25,59.0,M,In Water,202409
202409,1,1970-01-01,56117,1217060,I,2024-09-01,36.0,M,Outside/Open Areas,202409
202409,3,1970-01-01,56122,1217118,I,2024-09-03,44.0,M,Unknown,202409
202409,3,1970-01-01,56121,1217118,D,2024-09-03,57.0,M,Vehicle/Towed Trailer,202409
202409,4,1970-01-01,56123,1217119,D,2024-09-04,83.0,F,Mobile/Trailer Home,202409
202409,6,1970-01-01,56125,1217121,I,2024-09-06,77.0,F,Vehicle/Towed Trailer,202409
202409,6,1970-01-01,57371,1217122,D,2024-09-06,92.0,M,Outside/Open Areas,202409
202409,6,1970-01-01,57372,1217122,D,2024-09-06,47.0,M,Outside/Open Areas,202409
202409,7,1970-01-01,57125,1217123,D,2024-09-07,78.0,M,Outside/Open Areas,202409
202409,8,1970-01-01,57126,1217124,D,2024-09-08,33.0,M,Outside/Open Areas,202409
202409,10,1970-01-01,57127,1217125,D,2024-09-10,54.0,F,Outside/Open Areas,202409
202409,12,1970-01-01,57128,1217126,D,2024-09-12,84.0,M,Outside/Open Areas,202409
202409,26,1970-01-01,57129,1217127,I,2024-09-26,97.0,F,Outside/Open Areas,202409
202409,26,1970-01-01,57130,1217127,I,2024-09-26,65.0,M,Outside/Open Areas,202409
202409,29,1970-01-01,57131,1217128,D,2024-09-29,31.0,M,Outside/Open Areas,202409
202409,27,1970-01-01,57381,1217244,D,2024-09-27,71.0,F,Permanent Home,202409
202409,27,1970-01-01,57156,1217248,D,2024-09-27,62.0,M,Mobile/Trailer Home,202409
202409,27,1970-01-01,57382,1217254,D,2024-09-27,,F,Mobile/Trailer Home,202409
202409,27,1970-01-01,57383,1217254,D,2024-09-27,,F,Mobile/Trailer Home,202409
202409,27,1970-01-01,57148,1217260,D,2024-09-27,,F,Mobile/Trailer Home,202409
202409,27,1970-01-01,57149,1217267,I,2024-09-27,69.0,M,Vehicle/Towed Trailer,202409
202410,1,1970-01-01,57163,1217271,I,2024-10-01,41.0,M,Permanent Home,202409
202410,1,1970-01-01,57164,1217271,I,2024-10-01,39.0,F,Permanent Home,202409
202410,1,1970-01-01,57165,1217271,I,2024-10-01,13.0,M,Permanent Home,202409
202409,26,1970-01-01,57956,1217288,D,2024-09-26,,M,Mobile/Trailer Home,202409
202409,26,1970-01-01,57957,1217288,D,2024-09-26,,F,Mobile/Trailer Home,202409
202409,26,1970-01-01,57168,1217476,D,2024-09-26,1.0,M,Mobile/Trailer Home,202409
202409,30,1970-01-01,57439,1218012,I,2024-09-30,74.0,F,Permanent Home,202409
202411,23,1970-01-01,57997,1220519,D,2024-11-23,,,Vehicle/Towed Trailer,202411
202411,11,1970-01-01,58033,1221240,D,2024-11-11,29.0,M,In Water,202411
202411,18,1970-01-01,58132,1220523,I,2024-11-18,69.0,M,In Water,202411
202411,2,1970-01-01,58164,1215503,I,2024-11-02,17.0,M,In Water,202411
202411,2,1970-01-01,58165,1215503,I,2024-11-02,14.0,M,In Water,202411
202411,2,1970-01-01,58166,1215503,I,2024-11-02,42.0,M,In Water,202411
202411,2,1970-01-01,58167,1215503,I,2024-11-02,41.0,M,In Water,202411
202411,2,1970-01-01,58168,1215503,I,2024-11-02,,M,In Water,202411
202401,16,1970-01-01,58200,1157694,D,2024-01-16,,,Unknown,202401
202401,16,1970-01-01,58202,1157694,D,2024-01-16,,,Unknown,202401
202401,16,1970-01-01,58203,1157694,D,2024-01-16,,,Unknown,202401
202411,19,1970-01-01,58237,1226565,D,2024-11-19,,F,Permanent Home,202411
202405,26,1970-01-01,58269,1227543,D,2024-05-26,43.0,M,Under Tree,202405
202409,27,1970-01-01,58298,1218294,D,2024-09-27,60.0,F,Vehicle/Towed Trailer,202409
202409,27,1970-01-01,58299,1218295,D,2024-09-27,88.0,M,Vehicle/Towed Trailer,202409
202409,27,1970-01-01,58307,1218191,D,2024-09-27,41.0,M,Outside/Open Areas,202409
202409,27,1970-01-01,58308,1218191,D,2024-09-27,31.0,F,Outside/Open Areas,202409
202409,27,1970-01-01,58309,1218191,D,2024-09-27,9.0,M,Outside/Open Areas,202409
202409,27,1970-01-01,58310,1218191,D,2024-09-27,7.0,M,Outside/Open Areas,202409
202404,4,1970-01-01,52786,1166425,D,2024-04-04,49.0,F,Vehicle/Towed Trailer,202404
202404,3,1970-01-01,52888,1171139,D,2024-04-03,42.0,M,Vehicle/Towed Trailer,202404
202404,14,1970-01-01,52789,1172435,D,2024-04-14,75.0,M,Vehicle/Towed Trailer,202404
202407,2,1970-01-01,53400,1179280,D,2024-07-02,69.0,M,Outside/Open Areas,202407
202406,26,1970-01-01,52873,1179742,I,2024-06-26,53.0,M,Unknown,202406
202407,3,1970-01-01,52960,1184928,I,2024-07-03,28.0,M,In Water,202407
202407,6,1970-01-01,52959,1184929,I,2024-07-06,51.0,M,In Water,202407
202407,4,1970-01-01,53401,1184937,D,2024-07-04,71.0,M,Unknown,202407
202407,4,1970-01-01,53402,1184937,D,2024-07-04,77.0,F,Unknown,202407
202407,5,1970-01-01,53403,1184937,D,2024-07-05,69.0,M,Unknown,202407
202407,5,1970-01-01,53404,1184937,D,2024-07-05,76.0,F,Unknown,202407
202407,6,1970-01-01,53406,1184937,D,2024-07-06,84.0,M,Unknown,202407
202407,6,1970-01-01,53407,1184937,I,2024-07-06,63.0,M,Unknown,202407
202407,6,1970-01-01,53405,1184937,D,2024-07-06,61.0,M,Vehicle/Towed Trailer,202407
202407,16,1970-01-01,52979,1185510,D,2024-07-16,30.0,M,In Water,202407
202407,16,1970-01-01,52980,1185510,D,2024-07-16,33.0,F,In Water,202407
202406,5,1970-01-01,55058,1186598,D,2024-06-05,2.0,M,Permanent Home,202406
202406,22,1970-01-01,53134,1193162,D,2024-06-22,87.0,M,Vehicle/Towed Trailer,202406
202407,15,1970-01-01,53295,1194959,D,2024-07-15,44.0,F,Permanent Home,202407
202406,24,1970-01-01,53278,1195645,D,2024-06-24,52.0,M,Permanent Home,202406
202406,22,1970-01-01,53259,1197156,D,2024-06-22,75.0,M,Vehicle/Towed Trailer,202406
202407,14,1970-01-01,53297,1201318,D,2024-07-14,76.0,M,Vehicle/Towed Trailer,202407
202407,6,1970-01-01,53433,1204168,D,2024-07-06,,M,In Water,202407
202407,6,1970-01-01,53434,1204168,I,2024-07-06,,M,Other,202407
202407,7,1970-01-01,53715,1207640,I,2024-07-07,44.0,M,Unknown,202407
202407,7,1970-01-01,53716,1207640,I,2024-07-07,67.0,M,Unknown,202407
202407,8,1970-01-01,53717,1207640,D,2024-07-08,64.0,M,Unknown,202407
202407,9,1970-01-01,53718,1207640,I,2024-07-09,72.0,F,Unknown,202407
202407,9,1970-01-01,53719,1207640,I,2024-07-09,60.0,M,Unknown,202407
202407,12,1970-01-01,53722,1207640,D,2024-07-12,61.0,M,Unknown,202407
202407,10,1970-01-01,53720,1207640,D,2024-07-10,30.0,M,Outside/Open Areas,202407
202407,12,1970-01-01,53721,1207640,D,2024-07-12,50.0,M,Outside/Open Areas,202407
202409,2,1970-01-01,57370,1218630,D,2024-09-02,,M,Outside/Open Areas,202409
202409,5,1970-01-01,57374,1218660,D,2024-09-05,,M,Outside/Open Areas,202409
202409,7,1970-01-01,57375,1218662,D,2024-09-07,39.0,M,Outside/Open Areas,202409
202409,30,1970-01-01,57376,1218663,D,2024-09-30,40.0,F,Outside/Open Areas,202409
202409,27,1970-01-01,57417,1218675,D,2024-09-27,29.0,F,Outside/Open Areas,202409
202409,27,1970-01-01,57418,1218675,D,2024-09-27,44.0,F,Outside/Open Areas,202409
202409,27,1970-01-01,57419,1218675,D,2024-09-27,53.0,F,Outside/Open Areas,202409
202409,27,1970-01-01,57420,1218675,D,2024-09-27,55.0,M,Outside/Open Areas,202409
202409,27,1970-01-01,57421,1218675,D,2024-09-27,56.0,F,Outside/Open Areas,202409
202409,27,1970-01-01,57422,1218675,D,2024-09-27,63.0,F,Outside/Open Areas,202409
202409,27,1970-01-01,57423,1218675,D,2024-09-27,35.0,F,Outside/Open Areas,202409
202409,27,1970-01-01,57424,1218675,D,2024-09-27,38.0,F,Outside/Open Areas,202409
202409,27,1970-01-01,57425,1218675,D,2024-09-27,85.0,M,Outside/Open Areas,202409
202409,27,1970-01-01,57436,1218741,D,2024-09-27,76.0,M,Outside/Open Areas,202409
202409,27,1970-01-01,57437,1218741,D,2024-09-27,77.0,M,Outside/Open Areas,202409
202409,27,1970-01-01,57438,1218741,I,2024-09-27,77.0,F,Permanent Structure,202409
202409,27,1970-01-01,57435,1218741,I,2024-09-27,65.0,M,Vehicle/Towed Trailer,202409
202409,27,1970-01-01,57440,1218745,D,2024-09-27,74.0,M,Vehicle/Towed Trailer,202409
202409,27,1970-01-01,57401,1218836,D,2024-09-27,32.0,M,Outside/Open Areas,202409
202409,27,1970-01-01,57398,1218840,D,2024-09-27,80.0,F,Vehicle/Towed Trailer,202409
202409,27,1970-01-01,57399,1218840,D,2024-09-27,82.0,M,Vehicle/Towed Trailer,202409
202409,27,1970-01-01,57958,1219016,D,2024-09-27,58.0,M,Permanent Home,202409
202409,27,1970-01-01,57959,1219016,D,2024-09-27,48.0,F,Vehicle/Towed Trailer,202409
202409,27,1970-01-01,57960,1219027,D,2024-09-27,,M,Permanent Home,202409
202409,27,1970-01-01,57961,1219027,D,2024-09-27,,F,Permanent Home,202409
202409,25,1970-01-01,57941,1219219,D,2024-09-25,17.0,M,Outside/Open Areas,202409
202411,27,1970-01-01,58326,1228828,D,2024-11-27,82.0,M,Permanent Home,202411
202408,9,1970-01-01,58359,1211212,D,2024-08-09,66.0,M,In Water,202408
202401,16,1970-01-01,58201,1157694,D,2024-01-16,,,Unknown,202401
202411,19,1970-01-01,58236,1226564,D,2024-11-19,,F,Under Tree,202411
202407,1,1970-01-01,54495,1210976,D,2024-07-01,22.0,M,In Water,202407
202409,14,1970-01-01,54948,1211397,D,2024-09-14,24.0,M,In Water,202408
202408,18,1970-01-01,54872,1213879,D,2024-08-18,,M,Camping,202408
202408,18,1970-01-01,54873,1213895,D,2024-08-18,,F,Vehicle/Towed Trailer,202408
202408,18,1970-01-01,54874,1213895,D,2024-08-18,,F,Vehicle/Towed Trailer,202408
202403,14,1970-01-01,56102,1166418,D,2024-03-14,69.0,M,Unknown,202403
202403,14,1970-01-01,56100,1166418,D,2024-03-14,70.0,F,Mobile/Trailer Home,202403
202403,14,1970-01-01,56101,1166418,D,2024-03-14,81.0,F,Mobile/Trailer Home,202403
202405,25,1970-01-01,52764,1170606,D,2024-05-25,26.0,M,In Water,202405
202405,28,1970-01-01,53043,1170633,D,2024-05-28,16.0,M,Heavy Equipment/Construction,202405
202405,16,1970-01-01,53036,1188425,I,2024-05-16,57.0,M,Outside/Open Areas,202405
202405,16,1970-01-01,53034,1188425,I,2024-05-16,60.0,M,Permanent Home,202405
202405,16,1970-01-01,53039,1188425,D,2024-05-16,39.0,M,Permanent Home,202405
202405,16,1970-01-01,53040,1188425,D,2024-05-16,71.0,F,Permanent Home,202405
202405,16,1970-01-01,53035,1188425,I,2024-05-16,60.0,M,Vehicle/Towed Trailer,202405
202405,16,1970-01-01,53037,1188425,D,2024-05-16,31.0,F,Vehicle/Towed Trailer,202405
202405,16,1970-01-01,53038,1188425,D,2024-05-16,72.0,M,Vehicle/Towed Trailer,202405
202405,16,1970-01-01,57984,1188491,I,2024-05-16,,,Unknown,202405
202405,9,1970-01-01,53056,1188687,D,2024-05-09,56.0,M,Vehicle/Towed Trailer,202405
202405,26,1970-01-01,53072,1188913,D,2024-05-26,34.0,M,Unknown,202405
202405,26,1970-01-01,53073,1189048,D,2024-05-26,67.0,F,Permanent Home,202405
202407,3,1970-01-01,53135,1193776,D,2024-07-03,36.0,M,Outside/Open Areas,202407
202407,4,1970-01-01,53136,1193777,D,2024-07-04,,M,Outside/Open Areas,202407
202407,6,1970-01-01,53423,1193787,I,2024-07-06,37.0,M,Mobile/Trailer Home,202407
202407,6,1970-01-01,53420,1193787,D,2024-07-06,71.0,M,Outside/Open Areas,202407
202407,6,1970-01-01,53421,1193787,I,2024-07-06,77.0,F,Outside/Open Areas,202407
202407,6,1970-01-01,53424,1193787,I,2024-07-06,45.0,M,Outside/Open Areas,202407
202407,6,1970-01-01,53425,1193787,D,2024-07-06,42.0,M,Outside/Open Areas,202407
202407,7,1970-01-01,53426,1193787,I,2024-07-07,37.0,M,Outside/Open Areas,202407
202407,6,1970-01-01,53427,1193787,I,2024-07-06,65.0,M,Outside/Open Areas,202407
202407,6,1970-01-01,53428,1193787,I,2024-07-06,48.0,M,Outside/Open Areas,202407
202407,6,1970-01-01,53422,1193787,I,2024-07-06,44.0,F,Permanent Home,202407
202407,8,1970-01-01,53335,1193810,D,2024-07-08,,,Outside/Open Areas,202407
202407,11,1970-01-01,53336,1193810,D,2024-07-11,40.0,M,Outside/Open Areas,202407
202407,10,1970-01-01,53337,1193810,I,2024-07-10,49.0,M,Outside/Open Areas,202407
202407,8,1970-01-01,53316,1193811,D,2024-07-08,82.0,F,Mobile/Trailer Home,202407
202407,12,1970-01-01,53320,1193811,I,2024-07-12,56.0,M,Mobile/Trailer Home,202407
202407,8,1970-01-01,53315,1193811,D,2024-07-08,77.0,F,Outside/Open Areas,202407
202407,11,1970-01-01,53319,1193811,I,2024-07-11,54.0,M,Outside/Open Areas,202407
202407,12,1970-01-01,53322,1193811,D,2024-07-12,,F,Outside/Open Areas,202407
202407,9,1970-01-01,53323,1193811,D,2024-07-09,92.0,F,Outside/Open Areas,202407
202407,9,1970-01-01,53324,1193811,D,2024-07-09,64.0,M,Outside/Open Areas,202407
202407,12,1970-01-01,53325,1193811,D,2024-07-12,90.0,M,Outside/Open Areas,202407
202407,10,1970-01-01,53326,1193811,I,2024-07-10,42.0,M,Outside/Open Areas,202407
202407,8,1970-01-01,53327,1193811,I,2024-07-08,62.0,M,Outside/Open Areas,202407
202407,9,1970-01-01,53328,1193811,I,2024-07-09,68.0,M,Outside/Open Areas,202407
202407,10,1970-01-01,53329,1193811,I,2024-07-10,85.0,M,Outside/Open Areas,202407
202407,10,1970-01-01,53331,1193811,I,2024-07-10,75.0,M,Outside/Open Areas,202407
202407,10,1970-01-01,53332,1193811,I,2024-07-10,30.0,M,Outside/Open Areas,202407
202407,10,1970-01-01,53333,1193811,I,2024-07-10,68.0,M,Outside/Open Areas,202407
202407,9,1970-01-01,53318,1193811,D,2024-07-09,85.0,M,Permanent Home,202407
202407,10,1970-01-01,53334,1193811,I,2024-07-10,65.0,M,Permanent Home,202407
202407,9,1970-01-01,53317,1193811,D,2024-07-09,2.0,F,Vehicle/Towed Trailer,202407
202407,10,1970-01-01,53313,1193812,D,2024-07-10,66.0,M,Mobile/Trailer Home,202407
202407,12,1970-01-01,53314,1193812,D,2024-07-12,39.0,M,Outside/Open Areas,202407
202407,15,1970-01-01,53182,1195038,D,2024-07-15,,M,Outside/Open Areas,202407
202407,15,1970-01-01,53183,1195039,D,2024-07-15,46.0,M,Outside/Open Areas,202407
202407,17,1970-01-01,53184,1195040,D,2024-07-17,33.0,M,Outside/Open Areas,202407
202407,18,1970-01-01,53185,1195040,D,2024-07-18,,M,Outside/Open Areas,202407
202407,18,1970-01-01,53186,1195040,D,2024-07-18,32.0,F,Outside/Open Areas,202407
202407,20,1970-01-01,53898,1195041,D,2024-07-20,73.0,F,Outside/Open Areas,202407
202407,19,1970-01-01,53899,1195041,I,2024-07-19,75.0,M,Outside/Open Areas,202407
202407,19,1970-01-01,53896,1195041,I,2024-07-19,71.0,M,Permanent Home,202407
202407,13,1970-01-01,53338,1201928,I,2024-07-13,55.0,M,Outside/Open Areas,202407
202407,13,1970-01-01,53339,1201928,I,2024-07-13,65.0,M,Outside/Open Areas,202407
202407,24,1970-01-01,53900,1201956,I,2024-07-24,65.0,M,Mobile/Trailer Home,202407
202407,24,1970-01-01,53901,1201956,I,2024-07-24,75.0,M,Outside/Open Areas,202407
202407,24,1970-01-01,53902,1201956,D,2024-07-24,26.0,F,Outside/Open Areas,202407
202408,11,1970-01-01,53484,1205194,D,2024-08-11,70.0,M,In Water,202408
202405,3,1970-01-01,53819,1209186,D,2024-05-03,39.0,M,Outside/Open Areas,202405
202407,25,1970-01-01,53903,1209484,D,2024-07-25,24.0,F,Outside/Open Areas,202407
202408,7,1970-01-01,53727,1207865,D,2024-08-07,47.0,M,Unknown,202408
202408,7,1970-01-01,53728,1207865,D,2024-08-07,53.0,M,Unknown,202408
202408,7,1970-01-01,53729,1207865,I,2024-08-07,65.0,F,Unknown,202408
202408,9,1970-01-01,53730,1207865,I,2024-08-09,73.0,F,Unknown,202408
202408,10,1970-01-01,53731,1207865,D,2024-08-10,79.0,M,Unknown,202408
202408,11,1970-01-01,53732,1207875,I,2024-08-11,86.0,M,Unknown,202408
202408,13,1970-01-01,53733,1207875,D,2024-08-13,63.0,M,Unknown,202408
202408,28,1970-01-01,53734,1207878,D,2024-08-28,41.0,M,Unknown,202408
202408,8,1970-01-01,53790,1208443,D,2024-08-08,,M,Permanent Home,202408
202408,3,1970-01-01,53794,1208482,D,2024-08-03,,M,In Water,202408
202408,4,1970-01-01,53793,1208483,D,2024-08-04,,M,In Water,202408
202408,6,1970-01-01,53795,1208484,D,2024-08-06,26.0,M,In Water,202408
202408,1,1970-01-01,54740,1211188,D,2024-08-01,57.0,M,Outside/Open Areas,202408
202408,10,1970-01-01,54741,1211189,I,2024-08-10,58.0,M,In Water,202408
202408,6,1970-01-01,54744,1211576,D,2024-08-06,17.0,M,In Water,202408
202408,7,1970-01-01,54745,1211577,D,2024-08-07,,M,In Water,202408
202408,18,1970-01-01,54746,1211579,D,2024-08-18,16.0,M,In Water,202408
202408,15,1970-01-01,54954,1211791,I,2024-08-15,79.0,F,Unknown,202408
202408,20,1970-01-01,54955,1211793,I,2024-08-20,,,Unknown,202408
202408,16,1970-01-01,54766,1212190,D,2024-08-16,65.0,M,In Water,202408
202408,16,1970-01-01,54768,1212191,D,2024-08-16,73.0,M,In Water,202408
202408,17,1970-01-01,54952,1212201,I,2024-08-17,76.0,F,Permanent Home,202408
202408,17,1970-01-01,54951,1212214,I,2024-08-17,72.0,M,Permanent Home,202408
202408,31,1970-01-01,54769,1212563,D,2024-08-31,40.0,M,In Water,202408
202408,18,1970-01-01,54834,1213135,D,2024-08-18,42.0,M,Vehicle/Towed Trailer,202408
202408,22,1970-01-01,54870,1213235,D,2024-08-22,33.0,F,In Water,202408
202408,3,1970-01-01,54944,1214061,D,2024-08-03,51.0,M,In Water,202408
202408,17,1970-01-01,54966,1214141,D,2024-08-17,24.0,M,Boating,202408
202410,28,1970-01-01,54953,1214170,D,2024-10-28,38.0,M,In Water,202408
202408,23,1970-01-01,54968,1214327,D,2024-08-23,50.0,M,In Water,202408
202408,4,1970-01-01,54905,1214424,D,2024-08-04,28.0,F,Outside/Open Areas,202408
202408,4,1970-01-01,54906,1214424,D,2024-08-04,28.0,F,Outside/Open Areas,202408
202408,4,1970-01-01,54969,1214848,I,2024-08-04,,,Outside/Open Areas,202408
202404,30,1970-01-01,58228,1165598,D,2024-04-30,1.0,F,Mobile/Trailer Home,202404
202407,8,1970-01-01,58243,1183967,D,2024-07-08,76.0,F,Boating,202407
202407,10,1970-01-01,58245,1183967,I,2024-07-10,76.0,M,Permanent Home,202407
202407,10,1970-01-01,58246,1183967,I,2024-07-10,50.0,F,Permanent Home,202407
202407,10,1970-01-01,58247,1183967,I,2024-07-10,78.0,F,Permanent Home,202407
202407,11,1970-01-01,58248,1183967,I,2024-07-11,75.0,M,Permanent Home,202407
202407,11,1970-01-01,58249,1183967,I,2024-07-11,66.0,M,Permanent Home,202407
202407,11,1970-01-01,58250,1183967,I,2024-07-11,64.0,F,Permanent Home,202407
202407,8,1970-01-01,58242,1183967,D,2024-07-08,73.0,F,Under Tree,202407
202407,12,1970-01-01,58251,1183967,I,2024-07-12,59.0,M,Under Tree,202407
202407,14,1970-01-01,58252,1183967,I,2024-07-14,53.0,M,Under Tree,202407
202407,8,1970-01-01,58244,1183967,D,2024-07-08,77.0,M,Vehicle/Towed Trailer,202407
202407,8,1970-01-01,53674,1183980,I,2024-07-08,60.0,M,Permanent Home,202407
202408,17,1970-01-01,53193,1195625,D,2024-08-17,41.0,M,In Water,202408
202406,6,1970-01-01,53194,1195671,D,2024-06-06,23.0,M,In Water,202406
202406,2,1970-01-01,58207,1197562,D,2024-06-02,49.0,M,In Water,202406
202407,8,1970-01-01,58138,1199514,D,2024-07-08,42.0,M,Other,202407
202408,24,1970-01-01,53294,1200408,D,2024-08-24,15.0,M,In Water,202408
202407,8,1970-01-01,53512,1204837,I,2024-07-08,71.0,F,Permanent Home,202407
202407,10,1970-01-01,53513,1204837,I,2024-07-10,77.0,M,Permanent Home,202407
202407,11,1970-01-01,53514,1204837,I,2024-07-11,71.0,M,Permanent Home,202407
202407,12,1970-01-01,53515,1204837,I,2024-07-12,64.0,M,Permanent Home,202407
202407,12,1970-01-01,53516,1204837,I,2024-07-12,62.0,F,Permanent Home,202407
202407,3,1970-01-01,53479,1205152,D,2024-07-03,81.0,F,Vehicle/Towed Trailer,202407
202407,16,1970-01-01,53497,1205197,D,2024-07-16,88.0,M,Vehicle/Towed Trailer,202407
202407,16,1970-01-01,53498,1205197,D,2024-07-16,88.0,F,Vehicle/Towed Trailer,202407
202407,8,1970-01-01,53687,1205215,D,2024-07-08,66.0,F,Under Tree,202407
202407,8,1970-01-01,53688,1205215,D,2024-07-08,52.0,M,Under Tree,202407
202407,8,1970-01-01,53689,1205215,D,2024-07-08,41.0,M,Under Tree,202407
202407,8,1970-01-01,58241,1206040,D,2024-07-08,54.0,M,Vehicle/Towed Trailer,202407
202408,4,1970-01-01,58204,1214853,I,2024-08-04,42.0,M,Boating,202408
202408,4,1970-01-01,54961,1214854,D,2024-08-04,67.0,M,Vehicle/Towed Trailer,202408
202408,5,1970-01-01,58205,1214858,I,2024-08-05,64.0,M,Vehicle/Towed Trailer,202408
202408,5,1970-01-01,58206,1214860,I,2024-08-05,48.0,M,Boating,202408
202408,5,1970-01-01,54974,1214871,D,2024-08-05,13.0,M,Mobile/Trailer Home,202408
202409,26,1970-01-01,57162,1217505,I,2024-09-26,23.0,M,Vehicle/Towed Trailer,202409
202409,26,1970-01-01,57944,1217525,D,2024-09-26,,,Unknown,202409
202409,26,1970-01-01,57945,1217525,D,2024-09-26,,,Unknown,202409
202409,26,1970-01-01,57946,1217525,D,2024-09-26,,,Unknown,202409
202409,26,1970-01-01,57947,1217525,D,2024-09-26,,,Unknown,202409
202409,26,1970-01-01,57948,1217525,D,2024-09-26,,,Unknown,202409
202409,26,1970-01-01,57949,1217525,D,2024-09-26,,,Unknown,202409
202409,26,1970-01-01,57950,1217525,D,2024-09-26,,,Unknown,202409
202409,26,1970-01-01,57951,1217525,D,2024-09-26,,,Unknown,202409
202409,26,1970-01-01,57952,1217525,D,2024-09-26,,,Unknown,202409
202409,26,1970-01-01,57953,1217525,D,2024-09-26,,,Unknown,202409
202409,26,1970-01-01,57954,1217525,D,2024-09-26,,,Unknown,202409
202409,26,1970-01-01,57955,1217525,D,2024-09-26,,,Unknown,202409
202410,24,1970-01-01,58216,1223921,D,2024-10-24,,M,In Water,202410
202410,24,1970-01-01,58217,1223921,D,2024-10-24,,M,In Water,202410
202410,24,1970-01-01,58218,1223921,D,2024-10-24,,M,In Water,202410
202410,24,1970-01-01,58219,1223921,D,2024-10-24,,M,In Water,202410
202410,6,1970-01-01,58199,1225280,D,2024-10-06,55.0,M,In Water,202410
202405,21,1970-01-01,58155,1170274,D,2024-05-21,49.0,F,Vehicle/Towed Trailer,202405
202405,21,1970-01-01,53077,1170280,D,2024-05-21,70.0,M,Permanent Home,202405
202405,21,1970-01-01,53078,1170280,D,2024-05-21,73.0,M,Permanent Home,202405
202405,21,1970-01-01,53079,1170280,D,2024-05-21,78.0,M,Permanent Home,202405
202405,21,1970-01-01,53080,1170280,D,2024-05-21,77.0,F,Permanent Home,202405
202404,27,1970-01-01,52839,1175811,D,2024-04-27,53.0,M,Vehicle/Towed Trailer,202404
202404,27,1970-01-01,52830,1175817,D,2024-04-27,63.0,F,Business,202404
202404,27,1970-01-01,52835,1175819,D,2024-04-27,35.0,M,Mobile/Trailer Home,202404
202404,27,1970-01-01,52836,1175819,D,2024-04-27,0.0,F,Mobile/Trailer Home,202404
202408,2,1970-01-01,53349,1202243,I,2024-08-02,71.0,M,Outside/Open Areas,202408
202408,4,1970-01-01,53350,1202249,D,2024-08-04,30.0,M,Outside/Open Areas,202408
202408,3,1970-01-01,53904,1202253,D,2024-08-03,57.0,M,Mobile/Trailer Home,202408
202408,3,1970-01-01,53905,1202253,D,2024-08-03,77.0,M,Mobile/Trailer Home,202408
202408,5,1970-01-01,53351,1202261,D,2024-08-05,76.0,F,Permanent Home,202408
202407,23,1970-01-01,53408,1203152,I,2024-07-23,77.0,M,Camping,202407
202408,8,1970-01-01,54973,1208481,D,2024-08-08,78.0,F,Mobile/Trailer Home,202408
202408,7,1970-01-01,53906,1209486,D,2024-08-07,,,Outside/Open Areas,202408
202408,20,1970-01-01,53907,1209494,D,2024-08-20,20.0,M,Outside/Open Areas,202408
202408,20,1970-01-01,53908,1209495,D,2024-08-20,,,Outside/Open Areas,202408
202408,27,1970-01-01,53911,1209497,D,2024-08-27,,M,Outside/Open Areas,202408
202408,31,1970-01-01,53910,1209498,D,2024-08-31,,M,Outside/Open Areas,202408
202409,27,1970-01-01,57938,1212629,D,2024-09-27,,,Unknown,202409
202409,27,1970-01-01,57448,1215656,D,2024-09-27,57.0,M,Under Tree,202409
202409,27,1970-01-01,57392,1215657,I,2024-09-27,48.0,M,Unknown,202409
202409,27,1970-01-01,57965,1216415,I,2024-09-27,56.0,M,Unknown,202409
202409,27,1970-01-01,57430,1216418,D,2024-09-27,39.0,F,Outside/Open Areas,202409
202409,27,1970-01-01,57195,1218161,D,2024-09-27,63.0,M,Permanent Home,202409
202409,27,1970-01-01,57196,1218161,D,2024-09-27,40.0,M,Permanent Home,202409
202409,27,1970-01-01,57193,1218171,D,2024-09-27,72.0,M,Outside/Open Areas,202409
202409,27,1970-01-01,57194,1218171,D,2024-09-27,63.0,F,Outside/Open Areas,202409
202409,27,1970-01-01,57192,1218173,D,2024-09-27,70.0,M,Outside/Open Areas,202409
202409,27,1970-01-01,57191,1218173,D,2024-09-27,62.0,M,Permanent Home,202409
202409,26,1970-01-01,57198,1218179,D,2024-09-26,70.0,F,Permanent Home,202409
202409,26,1970-01-01,57199,1218179,D,2024-09-26,81.0,M,Permanent Home,202409
202409,26,1970-01-01,57200,1218179,D,2024-09-26,41.0,F,Permanent Home,202409
202409,26,1970-01-01,57201,1218179,D,2024-09-26,62.0,M,Permanent Home,202409
202409,26,1970-01-01,57202,1218179,D,2024-09-26,58.0,M,Permanent Home,202409
202409,27,1970-01-01,57286,1218184,D,2024-09-27,72.0,M,Unknown,202409
202409,27,1970-01-01,57280,1218184,D,2024-09-27,63.0,F,Permanent Home,202409
202409,27,1970-01-01,57281,1218184,D,2024-09-27,89.0,F,Permanent Home,202409
202409,27,1970-01-01,57282,1218184,D,2024-09-27,66.0,M,Permanent Home,202409
202409,27,1970-01-01,57284,1218184,D,2024-09-27,60.0,F,Permanent Home,202409
202409,27,1970-01-01,57285,1218184,D,2024-09-27,50.0,F,Permanent Home,202409
202409,27,1970-01-01,57279,1218185,D,2024-09-27,53.0,F,Permanent Home,202409
202409,27,1970-01-01,57218,1218187,D,2024-09-27,41.0,M,Permanent Home,202409
202409,27,1970-01-01,57219,1218187,D,2024-09-27,91.0,F,Permanent Home,202409
202409,27,1970-01-01,57220,1218187,D,2024-09-27,9.0,M,Permanent Home,202409
202409,27,1970-01-01,57221,1218187,D,2024-09-27,71.0,F,Permanent Home,202409
202409,27,1970-01-01,57223,1218187,D,2024-09-27,46.0,F,Permanent Home,202409
202409,27,1970-01-01,57225,1218187,D,2024-09-27,42.0,F,Permanent Home,202409
202409,27,1970-01-01,57226,1218187,D,2024-09-27,7.0,M,Permanent Home,202409
202409,27,1970-01-01,57227,1218187,D,2024-09-27,77.0,M,Permanent Home,202409
202409,27,1970-01-01,57224,1218187,D,2024-09-27,48.0,F,Vehicle/Towed Trailer,202409
202409,27,1970-01-01,57228,1218188,D,2024-09-27,41.0,M,Permanent Home,202409
202409,27,1970-01-01,57231,1218193,D,2024-09-27,34.0,M,Unknown,202409
202409,27,1970-01-01,57232,1218193,D,2024-09-27,57.0,F,Unknown,202409
202409,27,1970-01-01,57233,1218193,D,2024-09-27,64.0,F,Unknown,202409
202409,27,1970-01-01,57234,1218193,D,2024-09-27,56.0,M,Unknown,202409
202409,27,1970-01-01,57235,1218194,D,2024-09-27,69.0,M,Unknown,202409
202409,27,1970-01-01,57237,1218194,D,2024-09-27,69.0,M,Unknown,202409
202409,27,1970-01-01,57238,1218194,D,2024-09-27,65.0,F,Unknown,202409
202409,27,1970-01-01,57240,1218194,D,2024-09-27,52.0,F,Unknown,202409
202409,27,1970-01-01,57241,1218194,D,2024-09-27,52.0,M,Unknown,202409
202409,27,1970-01-01,57243,1218194,D,2024-09-27,63.0,M,Unknown,202409
202409,27,1970-01-01,57236,1218194,D,2024-09-27,70.0,F,Permanent Home,202409
202409,27,1970-01-01,57242,1218194,D,2024-09-27,63.0,M,Permanent Home,202409
202409,27,1970-01-01,57259,1218196,D,2024-09-27,75.0,M,Vehicle/Towed Trailer,202409
202409,27,1970-01-01,57245,1218197,D,2024-09-27,44.0,M,Permanent Home,202409
202409,27,1970-01-01,57246,1218197,D,2024-09-27,45.0,M,Permanent Home,202409
202409,27,1970-01-01,57247,1218197,D,2024-09-27,68.0,M,Permanent Home,202409
202409,27,1970-01-01,57248,1218197,D,2024-09-27,63.0,M,Permanent Home,202409
202409,27,1970-01-01,57250,1218197,D,2024-09-27,52.0,F,Permanent Home,202409
202409,27,1970-01-01,57253,1218197,D,2024-09-27,7.0,M,Permanent Home,202409
202409,27,1970-01-01,57254,1218197,D,2024-09-27,71.0,M,Permanent Home,202409
202409,27,1970-01-01,57255,1218197,D,2024-09-27,72.0,M,Permanent Home,202409
202409,27,1970-01-01,57256,1218197,D,2024-09-27,28.0,F,Permanent Home,202409
202409,27,1970-01-01,57257,1218197,D,2024-09-27,64.0,F,Permanent Home,202409
202409,27,1970-01-01,57258,1218197,D,2024-09-27,73.0,M,Permanent Home,202409
202409,27,1970-01-01,57251,1218197,D,2024-09-27,36.0,F,Vehicle/Towed Trailer,202409
202409,27,1970-01-01,57261,1218202,D,2024-09-27,67.0,F,Permanent Home,202409
202409,27,1970-01-01,57263,1218208,D,2024-09-27,70.0,F,Unknown,202409
202409,27,1970-01-01,57264,1218208,D,2024-09-27,70.0,M,Outside/Open Areas,202409
202409,27,1970-01-01,57265,1218208,D,2024-09-27,75.0,M,Outside/Open Areas,202409
202409,27,1970-01-01,57262,1218208,D,2024-09-27,48.0,F,Vehicle/Towed Trailer,202409
202409,27,1970-01-01,57267,1218216,D,2024-09-27,73.0,M,Permanent Home,202409
202409,27,1970-01-01,57268,1218216,D,2024-09-27,28.0,M,Permanent Home,202409
202409,27,1970-01-01,57269,1218216,D,2024-09-27,69.0,F,Permanent Home,202409
202409,27,1970-01-01,57270,1218216,D,2024-09-27,82.0,M,Permanent Home,202409
202409,27,1970-01-01,57271,1218216,D,2024-09-27,69.0,M,Permanent Home,202409
202409,27,1970-01-01,57272,1218216,D,2024-09-27,64.0,F,Permanent Home,202409
202409,27,1970-01-01,57273,1218216,D,2024-09-27,66.0,M,Permanent Home,202409
202409,27,1970-01-01,57275,1218216,D,2024-09-27,68.0,M,Permanent Home,202409
202409,27,1970-01-01,57276,1218216,D,2024-09-27,81.0,F,Permanent Home,202409
202409,27,1970-01-01,57277,1218216,D,2024-09-27,73.0,F,Permanent Home,202409
202409,27,1970-01-01,57274,1218216,D,2024-09-27,51.0,M,Vehicle/Towed Trailer,202409
202409,27,1970-01-01,57278,1218216,D,2024-09-27,37.0,M,Vehicle/Towed Trailer,202409
202409,27,1970-01-01,57287,1218260,D,2024-09-27,54.0,F,Mobile/Trailer Home,202409
202409,27,1970-01-01,57302,1218261,D,2024-09-27,40.0,M,Outside/Open Areas,202409
202409,27,1970-01-01,57304,1218261,D,2024-09-27,68.0,M,Outside/Open Areas,202409
202409,27,1970-01-01,57301,1218261,D,2024-09-27,59.0,M,Permanent Home,202409
202409,27,1970-01-01,57303,1218261,D,2024-09-27,56.0,F,Permanent Home,202409
202409,27,1970-01-01,57293,1218267,D,2024-09-27,66.0,M,Permanent Home,202409
202409,27,1970-01-01,57294,1218268,D,2024-09-27,59.0,M,Mobile/Trailer Home,202409
202409,27,1970-01-01,57295,1218268,D,2024-09-27,41.0,M,Vehicle/Towed Trailer,202409
202409,27,1970-01-01,57296,1218268,D,2024-09-27,31.0,M,Vehicle/Towed Trailer,202409
202409,27,1970-01-01,57297,1218269,D,2024-09-27,,M,Mobile/Trailer Home,202409
202409,27,1970-01-01,57298,1218269,D,2024-09-27,70.0,M,Outside/Open Areas,202409
202409,27,1970-01-01,57299,1218269,D,2024-09-27,64.0,M,Outside/Open Areas,202409
202409,27,1970-01-01,57300,1218269,D,2024-09-27,34.0,F,Outside/Open Areas,202409
202408,18,1970-01-01,57366,1218392,I,2024-08-18,76.0,F,Outside/Open Areas,202408
202408,20,1970-01-01,57367,1218393,D,2024-08-20,37.0,M,Outside/Open Areas,202408
202408,28,1970-01-01,57369,1218629,D,2024-08-28,75.0,M,Mobile/Trailer Home,202408
202409,27,1970-01-01,57964,1219131,D,2024-09-27,65.0,F,Unknown,202409
202409,27,1970-01-01,57963,1219131,D,2024-09-27,36.0,F,Permanent Structure,202409
202409,27,1970-01-01,57460,1219154,D,2024-09-27,72.0,M,Vehicle/Towed Trailer,202409
202408,9,1970-01-01,58006,1220931,D,2024-08-09,44.0,M,Outside/Open Areas,202408
202401,9,1970-01-01,58135,1222319,D,2024-01-09,61.0,M,Vehicle/Towed Trailer,202401
202409,16,1970-01-01,58172,1223170,I,2024-09-16,80.0,M,Vehicle/Towed Trailer,202409
202409,27,1970-01-01,57400,1216428,D,2024-09-27,71.0,M,Under Tree,202409
202409,27,1970-01-01,57283,1218184,D,2024-09-27,65.0,M,Unknown,202409
202409,27,1970-01-01,57222,1218187,D,2024-09-27,69.0,M,Permanent Home,202409
202409,27,1970-01-01,57239,1218194,D,2024-09-27,63.0,M,Unknown,202409
202409,27,1970-01-01,57252,1218197,D,2024-09-27,73.0,M,Permanent Home,202409
202409,27,1970-01-01,57266,1218216,D,2024-09-27,60.0,F,Permanent Home,202409
202409,27,1970-01-01,57288,1218260,D,2024-09-27,55.0,F,Mobile/Trailer Home,202409
202409,27,1970-01-01,57230,1218182,D,2024-09-27,33.0,F,Permanent Home,202409
202409,27,1970-01-01,57249,1218197,D,2024-09-27,73.0,F,Permanent Home,202409
